2026-08-22 19:26:56,180 [INFO] ============================================================
2026-08-22 19:26:56,180 [INFO] 🤖 تشغيل محاكي التداول الكمّي (Paper Trading Engine)...
2026-08-22 19:26:56,180 [INFO] 💰 الرصيد الحالي: $100.00
2026-08-22 19:26:56,180 [INFO] ============================================================
2026-08-22 19:27:00,809 [ERROR] ❌ خطأ أثناء الدورة: 'slow_ema'
Traceback (most recent call last):
  File "C:\Users\zaytOOna\AppData\Roaming\Python\Python314\site-packages\pandas\core\indexes\base.py", line 3641, in get_loc
    return self._engine.get_loc(casted_key)
           ~~~~~~~~~~~~~~~~~~~~^^^^^^^^^^^^
  File "pandas/_libs/index.pyx", line 168, in pandas._libs.index.IndexEngine.get_loc
  File "pandas/_libs/index.pyx", line 197, in pandas._libs.index.IndexEngine.get_loc
  File "pandas/_libs/hashtable_class_helper.pxi", line 7668, in pandas._libs.hashtable.PyObjectHashTable.get_item
  File "pandas/_libs/hashtable_class_helper.pxi", line 7676, in pandas._libs.hashtable.PyObjectHashTable.get_item
KeyError: 'slow_ema'

The above exception was the direct cause of the following exception:

Traceback (most recent call last):
  File "C:\Users\zaytOOna\Desktop\CryptoPaperBot\paper_trading.py", line 353, in main
    evaluate_signals_on_candle_close(exchange, state)
    ~~~~~~~~~~~~~~~~~~~~~~~~~~~~~~~~^^^^^^^^^^^^^^^^^
  File "C:\Users\zaytOOna\Desktop\CryptoPaperBot\paper_trading.py", line 267, in evaluate_signals_on_candle_close
    f"Fast EMA: {closed_candle['ema_fast']:.2f} | Slow EMA: {closed_candle['slow_ema']:.2f} | "
                                                             ~~~~~~~~~~~~~^^^^^^^^^^^^
  File "C:\Users\zaytOOna\AppData\Roaming\Python\Python314\site-packages\pandas\core\series.py", line 959, in __getitem__
    return self._get_value(key)
           ~~~~~~~~~~~~~~~^^^^^
  File "C:\Users\zaytOOna\AppData\Roaming\Python\Python314\site-packages\pandas\core\series.py", line 1046, in _get_value
    loc = self.index.get_loc(label)
  File "C:\Users\zaytOOna\AppData\Roaming\Python\Python314\site-packages\pandas\core\indexes\base.py", line 3648, in get_loc
    raise KeyError(key) from err
KeyError: 'slow_ema'
2026-08-22 19:32:28,325 [INFO] ============================================================
2026-08-22 19:32:28,326 [INFO] 🤖 تشغيل محاكي التداول الكمّي (Paper Trading Engine)...
2026-08-22 19:32:28,326 [INFO] 💰 الرصيد الحالي: $100.00
2026-08-22 19:32:28,326 [INFO] ============================================================
2026-08-23 16:38:17,086 [WARNING] 🔒 ملف قفل قديم من عملية منتهية (PID: 8020) — سيتم تجاوزه.
2026-08-23 16:38:17,092 [INFO] ============================================================
2026-08-23 16:38:17,092 [INFO] 🤖 تشغيل محاكي التداول الكمّي (Paper Trading Engine)...
2026-08-23 16:38:17,093 [INFO] 💰 الرصيد الحالي: $1000.00
2026-08-23 16:38:17,093 [INFO] ============================================================
2026-08-23 16:38:18,486 [INFO] 📊 [شمعة جديدة مغلقة] [2026-08-23 08:00:00+00:00] | Close: $77,311.02 | Fast EMA: 76856.14 | Slow EMA: 73371.59 | RSI: 71.6 | ATR: 1233.30 | Daily Trend Up: True
2026-08-23 16:52:06,103 [WARNING] 🔒 ملف قفل قديم من عملية منتهية (PID: 17604) — سيتم تجاوزه.
2026-08-23 16:52:06,114 [INFO] ============================================================
2026-08-23 16:52:06,114 [INFO] 🤖 تشغيل محاكي التداول الكمّي (Paper Trading Engine)...
2026-08-23 16:52:06,114 [INFO] 💰 الرصيد الحالي: $1000.00
2026-08-23 16:52:06,114 [INFO] ============================================================
2026-08-23 17:10:41,646 [WARNING] 🔒 ملف قفل قديم من عملية منتهية (PID: 20656) — سيتم تجاوزه.
2026-08-23 17:10:41,656 [INFO] ============================================================
2026-08-23 17:10:41,656 [INFO] 🤖 تشغيل محاكي التداول الكمّي (Paper Trading Engine)...
2026-08-23 17:10:41,656 [INFO] 💰 الرصيد الحالي: $1000.00
2026-08-23 17:10:41,656 [INFO] ============================================================
2026-08-23 19:00:11,378 [INFO] 📊 [شمعة جديدة مغلقة] [2026-08-23 12:00:00+00:00] | Close: $77,156.13 | Fast EMA: 76922.80 | Slow EMA: 73615.75 | RSI: 70.2 | ATR: 1214.05 | Daily Trend Up: True
2026-08-23 19:58:22,716 [WARNING] ⚠️ انقطاع مؤقت في الشبكة/المنصة: binance GET https://api.binance.com/api/v3/klines?interval=4h&limit=300&symbol=BTCUSDT (سيتم إعادة المحاولة بعد 10 ثوانٍ)
2026-08-24 14:53:23,976 [WARNING] 🔒 ملف قفل قديم من عملية منتهية (PID: 18900) — سيتم تجاوزه.
2026-08-24 14:53:23,982 [INFO] ============================================================
2026-08-24 14:53:23,982 [INFO] 🤖 تشغيل محاكي التداول الكمّي (Paper Trading Engine)...
2026-08-24 14:53:23,982 [INFO] 💰 الرصيد الحالي: $1000.00
2026-08-24 14:53:23,982 [INFO] ============================================================
2026-08-24 14:53:25,514 [INFO] 📊 [شمعة جديدة مغلقة] [2026-08-24 04:00:00+00:00] | Close: $77,307.15 | Fast EMA: 77163.28 | Slow EMA: 74483.66 | RSI: 66.8 | ATR: 1113.29 | Daily Trend Up: True
2026-08-25 16:11:04,200 [WARNING] 🔒 ملف قفل قديم من عملية منتهية (PID: 23820) — سيتم تجاوزه.
2026-08-25 16:11:04,213 [INFO] ============================================================
2026-08-25 16:11:04,213 [INFO] 🤖 تشغيل محاكي التداول الكمّي (Paper Trading Engine)...
2026-08-25 16:11:04,213 [INFO] 💰 الرصيد الحالي: $1000.00
2026-08-25 16:11:04,213 [INFO] ============================================================
2026-08-25 16:11:05,853 [INFO] 📊 [شمعة جديدة مغلقة] [2026-08-25 08:00:00+00:00] | Close: $79,117.99 | Fast EMA: 78990.51 | Slow EMA: 76270.79 | RSI: 64.9 | ATR: 1309.94 | Daily Trend Up: True
2026-08-25 17:03:11,041 [WARNING] ⚠️ انقطاع مؤقت في الشبكة/المنصة: binance GET https://api.binance.com/api/v3/klines?interval=4h&limit=300&symbol=BTCUSDT (سيتم إعادة المحاولة بعد 10 ثوانٍ)
2026-08-25 19:00:06,318 [INFO] 📊 [شمعة جديدة مغلقة] [2026-08-25 12:00:00+00:00] | Close: $79,502.01 | Fast EMA: 79104.18 | Slow EMA: 76479.25 | RSI: 66.5 | ATR: 1316.82 | Daily Trend Up: True
2026-08-25 20:13:43,474 [WARNING] ⚠️ انقطاع مؤقت في الشبكة/المنصة: binance GET https://api.binance.com/api/v3/klines?interval=4h&limit=300&symbol=BTCUSDT (سيتم إعادة المحاولة بعد 10 ثوانٍ)
2026-08-26 16:00:54,148 [WARNING] 🔒 ملف قفل قديم من عملية منتهية (PID: 14928) — سيتم تجاوزه.
2026-08-26 16:00:54,159 [INFO] ============================================================
2026-08-26 16:00:54,159 [INFO] 🤖 تشغيل محاكي التداول الكمّي (Paper Trading Engine)...
2026-08-26 16:00:54,160 [INFO] 💰 الرصيد الحالي: $1000.00
2026-08-26 16:00:54,160 [INFO] ============================================================
2026-08-26 16:00:56,090 [INFO] 📊 [شمعة جديدة مغلقة] [2026-08-26 08:00:00+00:00] | Close: $78,487.26 | Fast EMA: 78860.55 | Slow EMA: 77133.46 | RSI: 57.1 | ATR: 1177.17 | Daily Trend Up: True
2026-08-26 19:00:04,372 [INFO] 📊 [شمعة جديدة مغلقة] [2026-08-26 12:00:00+00:00] | Close: $78,011.65 | Fast EMA: 78671.90 | Slow EMA: 77190.12 | RSI: 53.5 | ATR: 1170.31 | Daily Trend Up: True
2026-08-26 20:50:03,144 [WARNING] ⚠️ انقطاع مؤقت في الشبكة/المنصة: binance GET https://api.binance.com/api/v3/klines?interval=1d&limit=150&symbol=BTCUSDT (سيتم إعادة المحاولة بعد 10 ثوانٍ)
2026-08-26 21:59:41,351 [WARNING] 🔒 ملف قفل قديم من عملية منتهية (PID: 13600) — سيتم تجاوزه.
2026-08-26 21:59:41,361 [INFO] ============================================================
2026-08-26 21:59:41,361 [INFO] 🤖 تشغيل محاكي التداول الكمّي (Paper Trading Engine)...
2026-08-26 21:59:41,361 [INFO] 💰 الرصيد الحالي: $1000.00
2026-08-26 21:59:41,362 [INFO] ============================================================
2026-08-26 23:00:06,901 [INFO] 📊 [شمعة جديدة مغلقة] [2026-08-26 16:00:00+00:00] | Close: $78,475.49 | Fast EMA: 78628.26 | Slow EMA: 77273.04 | RSI: 56.4 | ATR: 1143.31 | Daily Trend Up: True
2026-08-27 15:22:16,592 [WARNING] 🔒 ملف قفل قديم من عملية منتهية (PID: 21396) — سيتم تجاوزه.
2026-08-27 15:22:16,601 [INFO] ============================================================
2026-08-27 15:22:16,601 [INFO] 🤖 تشغيل محاكي التداول الكمّي (Paper Trading Engine)...
2026-08-27 15:22:16,601 [INFO] 💰 الرصيد الحالي: $1000.00
2026-08-27 15:22:16,601 [INFO] ============================================================
2026-08-27 15:22:18,238 [INFO] 📊 [شمعة جديدة مغلقة] [2026-08-27 08:00:00+00:00] | Close: $79,477.67 | Fast EMA: 78964.03 | Slow EMA: 77704.88 | RSI: 61.8 | ATR: 1073.47 | Daily Trend Up: True
2026-08-27 17:55:06,995 [WARNING] ⚠️ انقطاع مؤقت في الشبكة/المنصة: binance GET https://api.binance.com/api/v3/klines?interval=4h&limit=300&symbol=BTCUSDT (سيتم إعادة المحاولة بعد 10 ثوانٍ)
2026-08-27 17:55:16,998 [WARNING] ⚠️ انقطاع مؤقت في الشبكة/المنصة: binance GET https://api.binance.com/api/v3/klines?interval=4h&limit=300&symbol=BTCUSDT (سيتم إعادة المحاولة بعد 10 ثوانٍ)
2026-08-27 17:55:26,999 [WARNING] ⚠️ انقطاع مؤقت في الشبكة/المنصة: binance GET https://api.binance.com/api/v3/klines?interval=4h&limit=300&symbol=BTCUSDT (سيتم إعادة المحاولة بعد 10 ثوانٍ)
2026-08-27 17:55:37,001 [WARNING] ⚠️ انقطاع مؤقت في الشبكة/المنصة: binance GET https://api.binance.com/api/v3/klines?interval=4h&limit=300&symbol=BTCUSDT (سيتم إعادة المحاولة بعد 10 ثوانٍ)
2026-08-27 17:55:47,002 [WARNING] ⚠️ انقطاع مؤقت في الشبكة/المنصة: binance GET https://api.binance.com/api/v3/klines?interval=4h&limit=300&symbol=BTCUSDT (سيتم إعادة المحاولة بعد 10 ثوانٍ)
2026-08-27 17:55:57,005 [WARNING] ⚠️ انقطاع مؤقت في الشبكة/المنصة: binance GET https://api.binance.com/api/v3/klines?interval=4h&limit=300&symbol=BTCUSDT (سيتم إعادة المحاولة بعد 10 ثوانٍ)
2026-08-27 17:56:07,006 [WARNING] ⚠️ انقطاع مؤقت في الشبكة/المنصة: binance GET https://api.binance.com/api/v3/klines?interval=4h&limit=300&symbol=BTCUSDT (سيتم إعادة المحاولة بعد 10 ثوانٍ)
2026-08-27 17:56:17,007 [WARNING] ⚠️ انقطاع مؤقت في الشبكة/المنصة: binance GET https://api.binance.com/api/v3/klines?interval=4h&limit=300&symbol=BTCUSDT (سيتم إعادة المحاولة بعد 10 ثوانٍ)
2026-08-27 17:56:27,008 [WARNING] ⚠️ انقطاع مؤقت في الشبكة/المنصة: binance GET https://api.binance.com/api/v3/klines?interval=4h&limit=300&symbol=BTCUSDT (سيتم إعادة المحاولة بعد 10 ثوانٍ)
2026-08-27 17:56:37,009 [WARNING] ⚠️ انقطاع مؤقت في الشبكة/المنصة: binance GET https://api.binance.com/api/v3/klines?interval=4h&limit=300&symbol=BTCUSDT (سيتم إعادة المحاولة بعد 10 ثوانٍ)
2026-08-27 17:56:47,011 [WARNING] ⚠️ انقطاع مؤقت في الشبكة/المنصة: binance GET https://api.binance.com/api/v3/klines?interval=4h&limit=300&symbol=BTCUSDT (سيتم إعادة المحاولة بعد 10 ثوانٍ)
2026-08-27 17:56:57,012 [WARNING] ⚠️ انقطاع مؤقت في الشبكة/المنصة: binance GET https://api.binance.com/api/v3/klines?interval=4h&limit=300&symbol=BTCUSDT (سيتم إعادة المحاولة بعد 10 ثوانٍ)
2026-08-27 17:57:07,013 [WARNING] ⚠️ انقطاع مؤقت في الشبكة/المنصة: binance GET https://api.binance.com/api/v3/klines?interval=4h&limit=300&symbol=BTCUSDT (سيتم إعادة المحاولة بعد 10 ثوانٍ)
2026-08-27 17:57:17,014 [WARNING] ⚠️ انقطاع مؤقت في الشبكة/المنصة: binance GET https://api.binance.com/api/v3/klines?interval=4h&limit=300&symbol=BTCUSDT (سيتم إعادة المحاولة بعد 10 ثوانٍ)
2026-08-27 17:57:27,015 [WARNING] ⚠️ انقطاع مؤقت في الشبكة/المنصة: binance GET https://api.binance.com/api/v3/klines?interval=4h&limit=300&symbol=BTCUSDT (سيتم إعادة المحاولة بعد 10 ثوانٍ)
2026-08-27 17:57:37,016 [WARNING] ⚠️ انقطاع مؤقت في الشبكة/المنصة: binance GET https://api.binance.com/api/v3/klines?interval=4h&limit=300&symbol=BTCUSDT (سيتم إعادة المحاولة بعد 10 ثوانٍ)
2026-08-27 18:02:35,141 [WARNING] ⚠️ انقطاع مؤقت في الشبكة/المنصة: binance GET https://api.binance.com/api/v3/klines?interval=4h&limit=300&symbol=BTCUSDT (سيتم إعادة المحاولة بعد 10 ثوانٍ)
2026-08-27 19:00:03,882 [INFO] 📊 [شمعة جديدة مغلقة] [2026-08-27 12:00:00+00:00] | Close: $80,302.32 | Fast EMA: 79261.43 | Slow EMA: 77872.45 | RSI: 66.2 | ATR: 1131.07 | Daily Trend Up: True
2026-08-27 20:29:24,076 [WARNING] 🔒 ملف قفل قديم من عملية منتهية (PID: 21700) — سيتم تجاوزه.
2026-08-27 20:29:24,086 [INFO] ============================================================
2026-08-27 20:29:24,086 [INFO] 🤖 تشغيل محاكي التداول الكمّي (Paper Trading Engine)...
2026-08-27 20:29:24,087 [INFO] 💰 الرصيد الحالي: $1000.00
2026-08-27 20:29:24,087 [INFO] ============================================================
2026-08-29 14:18:00,951 [ERROR] ❌ يوجد نسخة أخرى تعمل بالفعل (PID: 13520)! تم إيقاف التشغيل.
2026-08-30 16:05:11,201 [ERROR] ❌ يوجد نسخة أخرى تعمل بالفعل (PID: 13520)! تم إيقاف التشغيل.
2026-08-30 16:46:52,087 [ERROR] ❌ يوجد نسخة أخرى تعمل بالفعل (PID: 13520)! تم إيقاف التشغيل.
2026-08-30 16:48:34,234 [ERROR] ❌ يوجد نسخة أخرى تعمل بالفعل (PID: 13520)! تم إيقاف التشغيل.
2026-08-30 16:49:54,299 [ERROR] ❌ يوجد نسخة أخرى تعمل بالفعل (PID: 13520)! تم إيقاف التشغيل.
2026-08-31 10:32:24,717 [WARNING] 🔒 ملف قفل قديم من عملية منتهية (PID: 13520) — سيتم تجاوزه.
2026-08-31 10:32:24,727 [INFO] ============================================================
2026-08-31 10:32:24,727 [INFO] 🤖 تشغيل محاكي التداول الكمّي (Paper Trading Engine)...
2026-08-31 10:32:24,727 [INFO] 💰 الرصيد الحالي: $1000.00
2026-08-31 10:32:24,727 [INFO] ============================================================
2026-08-31 10:32:26,199 [INFO] 📊 [شمعة جديدة مغلقة] [2026-08-31 00:00:00+00:00] | Close: $77,756.71 | Fast EMA: 78140.29 | Slow EMA: 78188.85 | RSI: 44.7 | ATR: 820.32 | Daily Trend Up: True
2026-08-31 11:00:10,997 [INFO] 📊 [شمعة جديدة مغلقة] [2026-08-31 04:00:00+00:00] | Close: $78,196.01 | Fast EMA: 78152.67 | Slow EMA: 78189.31 | RSI: 49.5 | ATR: 823.42 | Daily Trend Up: True
2026-08-31 13:08:05,747 [ERROR] ❌ يوجد نسخة أخرى تعمل بالفعل (PID: 18540)! تم إيقاف التشغيل.
2026-08-31 13:18:34,828 [WARNING] 🔒 ملف قفل قديم من عملية منتهية (PID: 18540) — سيتم تجاوزه.
2026-08-31 13:18:34,834 [INFO] ============================================================
2026-08-31 13:18:34,834 [INFO] 🤖 تشغيل محاكي التداول الكمّي (Paper Trading Engine)...
2026-08-31 13:18:34,834 [INFO] 💰 الرصيد الحالي: $1000.00
2026-08-31 13:18:34,834 [INFO] ============================================================
2026-08-31 13:20:32,556 [ERROR] ❌ يوجد نسخة أخرى تعمل بالفعل (PID: 27116)! تم إيقاف التشغيل.
2026-08-31 13:21:49,210 [WARNING] 🔒 ملف قفل قديم من عملية منتهية (PID: 27116) — سيتم تجاوزه.
2026-08-31 13:21:49,214 [INFO] ============================================================
2026-08-31 13:21:49,215 [INFO] 🤖 تشغيل محاكي التداول الكمّي (Paper Trading Engine)...
2026-08-31 13:21:49,215 [INFO] 💰 الرصيد الحالي: $1000.00
2026-08-31 13:21:49,215 [INFO] ============================================================
2026-08-31 13:24:49,802 [INFO] ============================================================
2026-08-31 13:24:49,802 [INFO] 🤖 تشغيل محاكي التداول الكمّي (Paper Trading Engine)...
2026-08-31 13:24:49,802 [INFO] 💰 الرصيد الحالي: $1000.00
2026-08-31 13:24:49,802 [INFO] ============================================================
2026-08-31 13:24:50,175 [INFO] 💓 تم إرسال نبضة حياة (uptime: 0.0h)
2026-08-31 13:28:09,725 [ERROR] ❌ يوجد نسخة أخرى تعمل بالفعل (PID: 19436)! تم إيقاف التشغيل.
2026-08-31 13:31:38,815 [WARNING] 🔒 ملف قفل قديم من عملية منتهية (PID: 19436) — سيتم تجاوزه.
2026-08-31 13:31:38,825 [INFO] ============================================================
2026-08-31 13:31:38,825 [INFO] 🤖 تشغيل محاكي التداول الكمّي (Paper Trading Engine)...
2026-08-31 13:31:38,825 [INFO] 💰 الرصيد الحالي: $1000.00
2026-08-31 13:31:38,825 [INFO] ============================================================
2026-08-31 13:31:39,197 [INFO] 💓 تم إرسال نبضة حياة (uptime: 0.0h)
2026-08-31 12:04:20,378 [WARNING] ⚠️ انقطاع مؤقت في الشبكة/المنصة: binance GET https://api.binance.com/api/v3/exchangeInfo 451  {
  "code": 0,
  "msg": "Service unavailable from a restricted location according to 'b. Eligibility' in https://www.binance.com/en/terms. Please contact customer service if you believe you received this message in error."
}
2026-08-31 12:04:24,110 [INFO] 💓 تم إرسال نبضة حياة (GitHub Actions)
2026-08-31 18:05:43,442 [WARNING] ⚠️ انقطاع مؤقت في الشبكة/المنصة: binance GET https://api.binance.com/api/v3/exchangeInfo 451  {
  "code": 0,
  "msg": "Service unavailable from a restricted location according to 'b. Eligibility' in https://www.binance.com/en/terms. Please contact customer service if you believe you received this message in error."
}
2026-08-31 18:05:44,159 [INFO] 💓 تم إرسال نبضة حياة (GitHub Actions)
2026-08-31 22:52:38,734 [WARNING] ⚠️ انقطاع مؤقت في الشبكة/المنصة: binance GET https://api.binance.com/api/v3/exchangeInfo 451  {
  "code": 0,
  "msg": "Service unavailable from a restricted location according to 'b. Eligibility' in https://www.binance.com/en/terms. Please contact customer service if you believe you received this message in error."
}
2026-09-01 01:43:55,900 [WARNING] ⚠️ انقطاع مؤقت في الشبكة/المنصة: binance GET https://api.binance.com/api/v3/exchangeInfo 451  {
  "code": 0,
  "msg": "Service unavailable from a restricted location according to 'b. Eligibility' in https://www.binance.com/en/terms. Please contact customer service if you believe you received this message in error."
}
2026-09-01 01:43:56,702 [INFO] 💓 تم إرسال نبضة حياة (GitHub Actions)
2026-09-01 06:48:27,053 [WARNING] ⚠️ انقطاع مؤقت في الشبكة/المنصة: binance GET https://api.binance.com/api/v3/exchangeInfo 451  {
  "code": 0,
  "msg": "Service unavailable from a restricted location according to 'b. Eligibility' in https://www.binance.com/en/terms. Please contact customer service if you believe you received this message in error."
}
2026-09-01 09:14:58,355 [INFO] 📊 [شمعة جديدة مغلقة] [2026-09-01 04:00:00+00:00] | Close: $78,632.37 | Fast EMA: 78530.88 | Slow EMA: 78332.17 | RSI: 53.2 | ATR: 815.90 | Daily Trend Up: True
2026-09-01 09:14:58,863 [INFO] 💓 تم إرسال نبضة حياة (GitHub Actions)
2026-09-01 12:27:23,906 [INFO] 📊 [شمعة جديدة مغلقة] [2026-09-01 08:00:00+00:00] | Close: $78,098.97 | Fast EMA: 78434.90 | Slow EMA: 78317.13 | RSI: 46.8 | ATR: 821.86 | Daily Trend Up: True
2026-09-01 16:52:06,918 [INFO] 📊 [شمعة جديدة مغلقة] [2026-09-01 12:00:00+00:00] | Close: $77,919.06 | Fast EMA: 78320.27 | Slow EMA: 78291.44 | RSI: 44.9 | ATR: 828.44 | Daily Trend Up: True
2026-09-01 16:52:07,326 [INFO] 💓 تم إرسال نبضة حياة (GitHub Actions)
2026-09-01 22:28:52,949 [INFO] 📊 [شمعة جديدة مغلقة] [2026-09-01 16:00:00+00:00] | Close: $77,312.00 | Fast EMA: 78096.21 | Slow EMA: 78228.25 | RSI: 39.0 | ATR: 880.41 | Daily Trend Up: True
2026-09-02 00:28:24,344 [INFO] 📊 [شمعة جديدة مغلقة] [2026-09-01 20:00:00+00:00] | Close: $77,439.00 | Fast EMA: 77950.16 | Slow EMA: 78177.33 | RSI: 40.7 | ATR: 868.79 | Daily Trend Up: True
2026-09-02 00:28:24,692 [INFO] 💓 تم إرسال نبضة حياة (GitHub Actions)
2026-09-02 04:59:01,017 [INFO] 📊 [شمعة جديدة مغلقة] [2026-09-02 00:00:00+00:00] | Close: $77,563.50 | Fast EMA: 77864.24 | Slow EMA: 78137.73 | RSI: 42.5 | ATR: 883.42 | Daily Trend Up: True
2026-09-02 09:29:04,846 [INFO] 📊 [شمعة جديدة مغلقة] [2026-09-02 04:00:00+00:00] | Close: $77,473.85 | Fast EMA: 77777.48 | Slow EMA: 78094.90 | RSI: 41.5 | ATR: 853.99 | Daily Trend Up: True
2026-09-02 09:29:05,240 [INFO] 💓 تم إرسال نبضة حياة (GitHub Actions)
2026-09-02 13:50:02,776 [INFO] 📊 [شمعة جديدة مغلقة] [2026-09-02 08:00:00+00:00] | Close: $76,828.76 | Fast EMA: 77566.66 | Slow EMA: 78013.21 | RSI: 35.4 | ATR: 884.56 | Daily Trend Up: True
2026-09-02 17:45:08,399 [INFO] 📊 [شمعة جديدة مغلقة] [2026-09-02 12:00:00+00:00] | Close: $77,288.98 | Fast EMA: 77504.95 | Slow EMA: 77966.49 | RSI: 42.0 | ATR: 884.12 | Daily Trend Up: True
2026-09-02 17:45:09,166 [INFO] 💓 تم إرسال نبضة حياة (GitHub Actions)
2026-09-02 20:08:08,419 [INFO] 📊 [شمعة جديدة مغلقة] [2026-09-02 16:00:00+00:00] | Close: $77,341.47 | Fast EMA: 77468.62 | Slow EMA: 77926.17 | RSI: 42.7 | ATR: 866.07 | Daily Trend Up: True
2026-09-03 00:43:25,878 [INFO] 📊 [شمعة جديدة مغلقة] [2026-09-02 20:00:00+00:00] | Close: $77,340.01 | Fast EMA: 77440.04 | Slow EMA: 77888.35 | RSI: 42.7 | ATR: 840.82 | Daily Trend Up: True
2026-09-03 00:43:26,415 [INFO] 💓 تم إرسال نبضة حياة (GitHub Actions)
2026-09-03 05:11:53,454 [INFO] 📊 [شمعة جديدة مغلقة] [2026-09-03 00:00:00+00:00] | Close: $77,708.00 | Fast EMA: 77499.59 | Slow EMA: 77876.71 | RSI: 47.9 | ATR: 847.34 | Daily Trend Up: True
2026-09-03 09:53:59,789 [INFO] 📊 [شمعة جديدة مغلقة] [2026-09-03 04:00:00+00:00] | Close: $77,663.15 | Fast EMA: 77535.93 | Slow EMA: 77862.94 | RSI: 47.3 | ATR: 864.16 | Daily Trend Up: True
2026-09-03 09:54:00,203 [INFO] 💓 تم إرسال نبضة حياة (GitHub Actions)
2026-09-03 14:15:49,979 [INFO] 📊 [شمعة جديدة مغلقة] [2026-09-03 08:00:00+00:00] | Close: $77,948.39 | Fast EMA: 77627.59 | Slow EMA: 77868.45 | RSI: 51.3 | ATR: 844.44 | Daily Trend Up: True
2026-09-03 17:58:23,502 [INFO] 📊 [شمعة جديدة مغلقة] [2026-09-03 12:00:00+00:00] | Close: $81,348.00 | Fast EMA: 78454.35 | Slow EMA: 78092.94 | RSI: 75.2 | ATR: 1032.28 | Daily Trend Up: True
2026-09-03 17:58:24,042 [INFO] 🚀 فتح صفقة جديدة عند السعر $81,092.60
2026-09-03 17:58:24,369 [INFO] 💓 تم إرسال نبضة حياة (GitHub Actions)
2026-09-03 20:55:22,683 [INFO] 📊 [شمعة جديدة مغلقة] [2026-09-03 16:00:00+00:00] | Close: $81,755.41 | Fast EMA: 79187.92 | Slow EMA: 78329.22 | RSI: 76.7 | ATR: 1042.58 | Daily Trend Up: True
2026-09-04 01:00:07,165 [INFO] 📊 [شمعة جديدة مغلقة] [2026-09-03 20:00:00+00:00] | Close: $81,270.37 | Fast EMA: 79650.69 | Slow EMA: 78518.98 | RSI: 71.2 | ATR: 1067.75 | Daily Trend Up: True
2026-09-04 01:00:07,663 [INFO] 💓 تم إرسال نبضة حياة (GitHub Actions)
2026-09-04 05:46:03,554 [INFO] 📊 [شمعة جديدة مغلقة] [2026-09-04 00:00:00+00:00] | Close: $80,850.00 | Fast EMA: 79917.20 | Slow EMA: 78669.36 | RSI: 66.8 | ATR: 1045.65 | Daily Trend Up: True
2026-09-04 10:54:59,675 [INFO] 📊 [شمعة جديدة مغلقة] [2026-09-04 04:00:00+00:00] | Close: $80,656.87 | Fast EMA: 80081.57 | Slow EMA: 78797.59 | RSI: 64.8 | ATR: 1022.01 | Daily Trend Up: True
2026-09-04 10:55:00,226 [INFO] 💓 تم إرسال نبضة حياة (GitHub Actions)
2026-09-04 14:52:33,376 [INFO] 🚨 إغلاق لحظي للصفقة: STOP LOSS 🔴 (Live Hit) عند سعر $78,972.72
2026-09-04 14:52:33,709 [INFO] 📊 [شمعة جديدة مغلقة] [2026-09-04 08:00:00+00:00] | Close: $81,224.86 | Fast EMA: 80335.64 | Slow EMA: 78954.19 | RSI: 67.8 | ATR: 1014.74 | Daily Trend Up: True
2026-09-04 18:12:08,069 [INFO] 📊 [شمعة جديدة مغلقة] [2026-09-04 12:00:00+00:00] | Close: $79,429.33 | Fast EMA: 80134.23 | Slow EMA: 78984.84 | RSI: 52.4 | ATR: 1134.40 | Daily Trend Up: True
2026-09-04 18:12:08,481 [INFO] 💓 تم إرسال نبضة حياة (GitHub Actions)
2026-09-04 20:48:36,733 [INFO] 📊 [شمعة جديدة مغلقة] [2026-09-04 16:00:00+00:00] | Close: $79,793.34 | Fast EMA: 80058.48 | Slow EMA: 79037.00 | RSI: 54.7 | ATR: 1089.01 | Daily Trend Up: True
2026-09-05 00:43:53,823 [INFO] 📊 [شمعة جديدة مغلقة] [2026-09-04 20:00:00+00:00] | Close: $79,660.77 | Fast EMA: 79970.10 | Slow EMA: 79077.25 | RSI: 53.7 | ATR: 1036.23 | Daily Trend Up: True
2026-09-05 00:43:54,193 [INFO] 💓 تم إرسال نبضة حياة (GitHub Actions)
2026-09-05 04:58:27,523 [INFO] 📊 [شمعة جديدة مغلقة] [2026-09-05 00:00:00+00:00] | Close: $79,582.00 | Fast EMA: 79883.86 | Slow EMA: 79109.81 | RSI: 53.1 | ATR: 980.02 | Daily Trend Up: True
2026-09-05 08:57:46,115 [INFO] 📊 [شمعة جديدة مغلقة] [2026-09-05 04:00:00+00:00] | Close: $79,709.96 | Fast EMA: 79845.21 | Slow EMA: 79148.53 | RSI: 54.0 | ATR: 932.98 | Daily Trend Up: True
2026-09-05 08:57:46,571 [INFO] 💓 تم إرسال نبضة حياة (GitHub Actions)
2026-09-05 12:35:36,067 [INFO] 📊 [شمعة جديدة مغلقة] [2026-09-05 08:00:00+00:00] | Close: $79,609.28 | Fast EMA: 79792.78 | Slow EMA: 79178.26 | RSI: 53.1 | ATR: 878.34 | Daily Trend Up: True
2026-09-05 15:35:33,086 [INFO] 💓 تم إرسال نبضة حياة (GitHub Actions)
2026-09-05 17:41:26,275 [INFO] 📊 [شمعة جديدة مغلقة] [2026-09-05 12:00:00+00:00] | Close: $79,806.01 | Fast EMA: 79795.72 | Slow EMA: 79218.76 | RSI: 54.7 | ATR: 834.89 | Daily Trend Up: True
2026-09-05 21:43:41,098 [INFO] 📊 [شمعة جديدة مغلقة] [2026-09-05 16:00:00+00:00] | Close: $79,754.00 | Fast EMA: 79786.45 | Slow EMA: 79253.29 | RSI: 54.2 | ATR: 810.05 | Daily Trend Up: True
2026-09-05 21:43:41,466 [INFO] 💓 تم إرسال نبضة حياة (GitHub Actions)
2026-09-06 01:15:53,334 [INFO] 📊 [شمعة جديدة مغلقة] [2026-09-05 20:00:00+00:00] | Close: $79,831.75 | Fast EMA: 79796.52 | Slow EMA: 79290.61 | RSI: 54.9 | ATR: 770.33 | Daily Trend Up: True
2026-09-06 06:23:53,722 [INFO] 📊 [شمعة جديدة مغلقة] [2026-09-06 00:00:00+00:00] | Close: $80,028.01 | Fast EMA: 79847.96 | Slow EMA: 79338.18 | RSI: 56.6 | ATR: 735.16 | Daily Trend Up: True
2026-09-06 06:23:54,160 [INFO] 💓 تم إرسال نبضة حياة (GitHub Actions)
2026-09-06 11:16:01,796 [INFO] 📊 [شمعة جديدة مغلقة] [2026-09-06 04:00:00+00:00] | Close: $79,805.00 | Fast EMA: 79838.41 | Slow EMA: 79368.30 | RSI: 54.0 | ATR: 720.58 | Daily Trend Up: True
2026-09-06 14:21:32,526 [INFO] 📊 [شمعة جديدة مغلقة] [2026-09-06 08:00:00+00:00] | Close: $79,919.17 | Fast EMA: 79856.36 | Slow EMA: 79403.84 | RSI: 55.2 | ATR: 688.20 | Daily Trend Up: True
2026-09-06 14:21:33,013 [INFO] 💓 تم إرسال نبضة حياة (GitHub Actions)
2026-09-06 17:16:50,859 [INFO] 📊 [شمعة جديدة مغلقة] [2026-09-06 12:00:00+00:00] | Close: $79,716.50 | Fast EMA: 79825.28 | Slow EMA: 79424.01 | RSI: 52.7 | ATR: 694.55 | Daily Trend Up: True
2026-09-06 21:35:30,794 [INFO] 📊 [شمعة جديدة مغلقة] [2026-09-06 16:00:00+00:00] | Close: $79,829.99 | Fast EMA: 79826.33 | Slow EMA: 79450.20 | RSI: 53.9 | ATR: 672.45 | Daily Trend Up: True
2026-09-06 21:35:31,320 [INFO] 💓 تم إرسال نبضة حياة (GitHub Actions)
2026-09-07 01:04:00,927 [INFO] 📊 [شمعة جديدة مغلقة] [2026-09-06 20:00:00+00:00] | Close: $80,341.83 | Fast EMA: 79940.88 | Slow EMA: 79507.73 | RSI: 59.2 | ATR: 689.63 | Daily Trend Up: True
2026-09-07 06:08:37,150 [INFO] 📊 [شمعة جديدة مغلقة] [2026-09-07 00:00:00+00:00] | Close: $79,596.39 | Fast EMA: 79864.33 | Slow EMA: 79513.45 | RSI: 50.2 | ATR: 702.90 | Daily Trend Up: True
2026-09-07 06:08:37,811 [INFO] 💓 تم إرسال نبضة حياة (GitHub Actions)
2026-09-07 12:36:55,973 [INFO] 📊 [شمعة جديدة مغلقة] [2026-09-07 08:00:00+00:00] | Close: $79,420.16 | Fast EMA: 79685.00 | Slow EMA: 79500.45 | RSI: 48.4 | ATR: 686.56 | Daily Trend Up: True
2026-09-07 12:36:56,499 [INFO] 💓 تم إرسال نبضة حياة (GitHub Actions)
2026-09-07 17:55:52,748 [INFO] 📊 [شمعة جديدة مغلقة] [2026-09-07 12:00:00+00:00] | Close: $78,821.99 | Fast EMA: 79493.22 | Slow EMA: 79456.68 | RSI: 42.3 | ATR: 706.34 | Daily Trend Up: True
2026-09-07 21:22:00,818 [INFO] 📊 [شمعة جديدة مغلقة] [2026-09-07 16:00:00+00:00] | Close: $79,365.82 | Fast EMA: 79464.91 | Slow EMA: 79450.82 | RSI: 48.6 | ATR: 699.57 | Daily Trend Up: True
2026-09-07 21:22:01,456 [INFO] 💓 تم إرسال نبضة حياة (GitHub Actions)
2026-09-08 01:26:15,357 [INFO] 📊 [شمعة جديدة مغلقة] [2026-09-07 20:00:00+00:00] | Close: $79,112.01 | Fast EMA: 79386.48 | Slow EMA: 79428.96 | RSI: 46.1 | ATR: 693.45 | Daily Trend Up: True
2026-09-08 06:26:28,821 [INFO] 📊 [شمعة جديدة مغلقة] [2026-09-08 00:00:00+00:00] | Close: $78,906.28 | Fast EMA: 79279.77 | Slow EMA: 79395.24 | RSI: 44.1 | ATR: 698.19 | Daily Trend Up: True
2026-09-08 06:26:29,277 [INFO] 💓 تم إرسال نبضة حياة (GitHub Actions)
2026-09-08 11:39:37,456 [INFO] 📊 [شمعة جديدة مغلقة] [2026-09-08 04:00:00+00:00] | Close: $78,482.00 | Fast EMA: 79102.49 | Slow EMA: 79336.32 | RSI: 40.2 | ATR: 701.84 | Daily Trend Up: True
2026-09-08 15:20:42,610 [INFO] ============================================================
2026-09-08 15:20:42,610 [INFO] 🤖 GitHub Actions — بدء الدورة لكل الأزواج
2026-09-08 15:20:42,610 [INFO] ============================================================
2026-09-08 15:20:42,610 [INFO] 🔍 فحص BTC/USDT...
2026-09-08 15:20:44,918 [INFO] 📊 [BTC/USDT] شمعة مغلقة [2026-09-08 08:00:00+00:00] | Close: $78,430.01 | Fast EMA: 78953.05 | Slow EMA: 79277.85 | RSI: 39.7 | ATR: 703.34 | Daily Trend Up: True
2026-09-08 15:20:44,919 [INFO] [BTC/USDT] ✅ الدورة مكتملة.
2026-09-08 15:20:44,919 [INFO] 🔍 فحص ETH/USDT...
2026-09-08 15:20:45,206 [INFO] 📊 [ETH/USDT] شمعة مغلقة [2026-09-08 08:00:00+00:00] | Close: $2,474.76 | Fast EMA: 2483.96 | Slow EMA: 2477.97 | RSI: 48.6 | ATR: 30.44 | Daily Trend Up: True
2026-09-08 15:20:45,206 [INFO] [ETH/USDT] ✅ الدورة مكتملة.
2026-09-08 15:20:45,741 [INFO] 💓 [BTC/USDT] نبضة حياة (uptime: 0.0h)
2026-09-08 15:20:46,173 [INFO] 💓 [ETH/USDT] نبضة حياة (uptime: 0.0h)
2026-09-08 15:20:46,173 [INFO] ✅ انتهت جميع الدورات.
2026-09-08 18:54:36,594 [INFO] ============================================================
2026-09-08 18:54:36,594 [INFO] 🤖 GitHub Actions — بدء الدورة لكل الأزواج
2026-09-08 18:54:36,594 [INFO] ============================================================
2026-09-08 18:54:36,594 [INFO] 🔍 فحص BTC/USDT...
2026-09-08 18:54:38,816 [INFO] 📊 [BTC/USDT] شمعة مغلقة [2026-09-08 12:00:00+00:00] | Close: $78,904.00 | Fast EMA: 78942.15 | Slow EMA: 79253.73 | RSI: 45.9 | ATR: 745.31 | Daily Trend Up: True
2026-09-08 18:54:38,816 [INFO] [BTC/USDT] ✅ الدورة مكتملة.
2026-09-08 18:54:38,816 [INFO] 🔍 فحص ETH/USDT...
2026-09-08 18:54:39,107 [INFO] 📊 [ETH/USDT] شمعة مغلقة [2026-09-08 12:00:00+00:00] | Close: $2,498.62 | Fast EMA: 2487.22 | Slow EMA: 2479.30 | RSI: 55.3 | ATR: 32.56 | Daily Trend Up: True
2026-09-08 18:54:39,107 [INFO] [ETH/USDT] ✅ الدورة مكتملة.
2026-09-08 18:54:39,107 [INFO] ✅ انتهت جميع الدورات.
2026-09-08 21:42:09,750 [INFO] ============================================================
2026-09-08 21:42:09,750 [INFO] 🤖 GitHub Actions — بدء الدورة لكل الأزواج
2026-09-08 21:42:09,751 [INFO] ============================================================
2026-09-08 21:42:09,751 [INFO] 🔍 فحص BTC/USDT...
2026-09-08 21:42:11,557 [INFO] 📊 [BTC/USDT] شمعة مغلقة [2026-09-08 16:00:00+00:00] | Close: $78,446.00 | Fast EMA: 78831.89 | Slow EMA: 79201.62 | RSI: 41.5 | ATR: 742.57 | Daily Trend Up: True
2026-09-08 21:42:11,557 [INFO] [BTC/USDT] ✅ الدورة مكتملة.
2026-09-08 21:42:11,557 [INFO] 🔍 فحص ETH/USDT...
2026-09-08 21:42:11,795 [INFO] 📊 [ETH/USDT] شمعة مغلقة [2026-09-08 16:00:00+00:00] | Close: $2,482.32 | Fast EMA: 2486.13 | Slow EMA: 2479.50 | RSI: 50.4 | ATR: 32.44 | Daily Trend Up: True
2026-09-08 21:42:11,795 [INFO] [ETH/USDT] ✅ الدورة مكتملة.
2026-09-08 21:42:12,374 [INFO] 💓 [BTC/USDT] نبضة حياة (uptime: 0.0h)
2026-09-08 21:42:12,836 [INFO] 💓 [ETH/USDT] نبضة حياة (uptime: 0.0h)
2026-09-08 21:42:12,836 [INFO] ✅ انتهت جميع الدورات.
2026-09-08 23:42:07,278 [INFO] ============================================================
2026-09-08 23:42:07,278 [INFO] 🤖 GitHub Actions — بدء الدورة لكل الأزواج
2026-09-08 23:42:07,278 [INFO] ============================================================
2026-09-08 23:42:07,278 [INFO] 🔍 فحص BTC/USDT...
2026-09-08 23:42:09,556 [INFO] [BTC/USDT] ✅ الدورة مكتملة.
2026-09-08 23:42:09,556 [INFO] 🔍 فحص ETH/USDT...
2026-09-08 23:42:09,790 [INFO] [ETH/USDT] ✅ الدورة مكتملة.
2026-09-08 23:42:09,790 [INFO] ✅ انتهت جميع الدورات.
2026-09-09 01:36:39,061 [INFO] ============================================================
2026-09-09 01:36:39,061 [INFO] 🤖 GitHub Actions — بدء الدورة لكل الأزواج
2026-09-09 01:36:39,061 [INFO] ============================================================
2026-09-09 01:36:39,061 [INFO] 🔍 فحص BTC/USDT...
2026-09-09 01:36:41,333 [INFO] 📊 [BTC/USDT] شمعة مغلقة [2026-09-08 20:00:00+00:00] | Close: $78,455.80 | Fast EMA: 78748.32 | Slow EMA: 79153.50 | RSI: 41.6 | ATR: 707.86 | Daily Trend Up: True
2026-09-09 01:36:41,333 [INFO] [BTC/USDT] ✅ الدورة مكتملة.
2026-09-09 01:36:41,333 [INFO] 🔍 فحص ETH/USDT...
2026-09-09 01:36:41,648 [INFO] 📊 [ETH/USDT] شمعة مغلقة [2026-09-08 20:00:00+00:00] | Close: $2,485.06 | Fast EMA: 2485.89 | Slow EMA: 2479.86 | RSI: 51.2 | ATR: 31.05 | Daily Trend Up: True
2026-09-09 01:36:41,648 [INFO] [ETH/USDT] ✅ الدورة مكتملة.
2026-09-09 01:36:41,648 [INFO] ✅ انتهت جميع الدورات.
2026-09-09 06:44:13,812 [INFO] ============================================================
2026-09-09 06:44:13,812 [INFO] 🤖 GitHub Actions — بدء الدورة لكل الأزواج
2026-09-09 06:44:13,812 [INFO] ============================================================
2026-09-09 06:44:13,812 [INFO] 🔍 فحص BTC/USDT...
2026-09-09 06:44:16,281 [INFO] 📊 [BTC/USDT] شمعة مغلقة [2026-09-09 00:00:00+00:00] | Close: $78,638.01 | Fast EMA: 78723.80 | Slow EMA: 79120.24 | RSI: 44.1 | ATR: 691.08 | Daily Trend Up: True
2026-09-09 06:44:16,281 [INFO] [BTC/USDT] ✅ الدورة مكتملة.
2026-09-09 06:44:16,281 [INFO] 🔍 فحص ETH/USDT...
2026-09-09 06:44:16,627 [INFO] 📊 [ETH/USDT] شمعة مغلقة [2026-09-09 00:00:00+00:00] | Close: $2,488.90 | Fast EMA: 2486.56 | Slow EMA: 2480.44 | RSI: 52.3 | ATR: 29.90 | Daily Trend Up: True
2026-09-09 06:44:16,627 [INFO] [ETH/USDT] ✅ الدورة مكتملة.
2026-09-09 06:44:17,005 [INFO] 💓 [BTC/USDT] نبضة حياة (uptime: 0.0h)
2026-09-09 06:44:17,307 [INFO] 💓 [ETH/USDT] نبضة حياة (uptime: 0.0h)
2026-09-09 06:44:17,307 [INFO] ✅ انتهت جميع الدورات.
2026-09-09 11:57:38,940 [INFO] ============================================================
2026-09-09 11:57:38,940 [INFO] 🤖 GitHub Actions — بدء الدورة لكل الأزواج
2026-09-09 11:57:38,940 [INFO] ============================================================
2026-09-09 11:57:38,940 [INFO] 🔍 فحص BTC/USDT...
2026-09-09 11:57:40,898 [INFO] 📊 [BTC/USDT] شمعة مغلقة [2026-09-09 04:00:00+00:00] | Close: $79,277.43 | Fast EMA: 78846.83 | Slow EMA: 79130.38 | RSI: 51.8 | ATR: 696.14 | Daily Trend Up: True
2026-09-09 11:57:40,898 [INFO] [BTC/USDT] ✅ الدورة مكتملة.
2026-09-09 11:57:40,898 [INFO] 🔍 فحص ETH/USDT...
2026-09-09 11:57:41,141 [INFO] 📊 [ETH/USDT] شمعة مغلقة [2026-09-09 04:00:00+00:00] | Close: $2,510.53 | Fast EMA: 2491.89 | Slow EMA: 2482.38 | RSI: 58.2 | ATR: 29.77 | Daily Trend Up: True
2026-09-09 11:57:41,141 [INFO] [ETH/USDT] ✅ الدورة مكتملة.
2026-09-09 11:57:41,141 [INFO] ✅ انتهت جميع الدورات.
2026-09-09 16:29:52,394 [INFO] ============================================================
2026-09-09 16:29:52,394 [INFO] 🤖 GitHub Actions — بدء الدورة لكل الأزواج
2026-09-09 16:29:52,394 [INFO] ============================================================
2026-09-09 16:29:52,394 [INFO] 🔍 فحص BTC/USDT...
2026-09-09 16:29:54,810 [INFO] 📊 [BTC/USDT] شمعة مغلقة [2026-09-09 12:00:00+00:00] | Close: $78,596.70 | Fast EMA: 78873.85 | Slow EMA: 79107.68 | RSI: 44.3 | ATR: 784.50 | Daily Trend Up: True
2026-09-09 16:29:54,811 [INFO] [BTC/USDT] ✅ الدورة مكتملة.
2026-09-09 16:29:54,811 [INFO] 🔍 فحص ETH/USDT...
2026-09-09 16:29:55,150 [INFO] 📊 [ETH/USDT] شمعة مغلقة [2026-09-09 12:00:00+00:00] | Close: $2,490.26 | Fast EMA: 2493.10 | Slow EMA: 2484.01 | RSI: 51.5 | ATR: 32.01 | Daily Trend Up: True
2026-09-09 16:29:55,150 [INFO] [ETH/USDT] ✅ الدورة مكتملة.
2026-09-09 16:29:55,582 [INFO] 💓 [BTC/USDT] نبضة حياة (uptime: 0.0h)
2026-09-09 16:29:55,872 [INFO] 💓 [ETH/USDT] نبضة حياة (uptime: 0.0h)
2026-09-09 16:29:55,873 [INFO] ✅ انتهت جميع الدورات.
2026-09-09 19:27:06,977 [INFO] ============================================================
2026-09-09 19:27:06,977 [INFO] 🤖 GitHub Actions — بدء الدورة لكل الأزواج
2026-09-09 19:27:06,977 [INFO] ============================================================
2026-09-09 19:27:06,977 [INFO] 🔍 فحص BTC/USDT...
2026-09-09 19:27:09,729 [INFO] [BTC/USDT] ✅ الدورة مكتملة.
2026-09-09 19:27:09,729 [INFO] 🔍 فحص ETH/USDT...
2026-09-09 19:27:10,103 [INFO] [ETH/USDT] ✅ الدورة مكتملة.
2026-09-09 19:27:10,103 [INFO] ✅ انتهت جميع الدورات.
2026-09-09 21:54:14,061 [INFO] ============================================================
2026-09-09 21:54:14,061 [INFO] 🤖 GitHub Actions — بدء الدورة لكل الأزواج
2026-09-09 21:54:14,061 [INFO] ============================================================
2026-09-09 21:54:14,062 [INFO] 🔍 فحص BTC/USDT...
2026-09-09 21:54:16,018 [INFO] 📊 [BTC/USDT] شمعة مغلقة [2026-09-09 16:00:00+00:00] | Close: $78,234.94 | Fast EMA: 78731.87 | Slow EMA: 79051.38 | RSI: 41.0 | ATR: 784.79 | Daily Trend Up: True
2026-09-09 21:54:16,018 [INFO] [BTC/USDT] ✅ الدورة مكتملة.
2026-09-09 21:54:16,018 [INFO] 🔍 فحص ETH/USDT...
2026-09-09 21:54:16,260 [INFO] 📊 [ETH/USDT] شمعة مغلقة [2026-09-09 16:00:00+00:00] | Close: $2,465.49 | Fast EMA: 2486.97 | Slow EMA: 2482.82 | RSI: 44.6 | ATR: 32.38 | Daily Trend Up: True
2026-09-09 21:54:16,261 [INFO] [ETH/USDT] ✅ الدورة مكتملة.
2026-09-09 21:54:16,261 [INFO] ✅ انتهت جميع الدورات.
2026-09-09 23:55:37,315 [INFO] ============================================================
2026-09-09 23:55:37,315 [INFO] 🤖 GitHub Actions — بدء الدورة لكل الأزواج
2026-09-09 23:55:37,315 [INFO] ============================================================
2026-09-09 23:55:37,315 [INFO] 🔍 فحص BTC/USDT...
2026-09-09 23:55:39,212 [INFO] [BTC/USDT] ✅ الدورة مكتملة.
2026-09-09 23:55:39,213 [INFO] 🔍 فحص ETH/USDT...
2026-09-09 23:55:39,448 [INFO] [ETH/USDT] ✅ الدورة مكتملة.
2026-09-09 23:55:40,018 [INFO] 💓 [BTC/USDT] نبضة حياة (uptime: 0.0h)
2026-09-09 23:55:40,488 [INFO] 💓 [ETH/USDT] نبضة حياة (uptime: 0.0h)
2026-09-09 23:55:40,489 [INFO] ✅ انتهت جميع الدورات.
2026-09-10 03:54:42,662 [INFO] ============================================================
2026-09-10 03:54:42,662 [INFO] 🤖 GitHub Actions — بدء الدورة لكل الأزواج
2026-09-10 03:54:42,662 [INFO] ============================================================
2026-09-10 03:54:42,662 [INFO] 🔍 فحص BTC/USDT...
2026-09-10 03:54:44,391 [INFO] 📊 [BTC/USDT] شمعة مغلقة [2026-09-09 20:00:00+00:00] | Close: $78,306.43 | Fast EMA: 78637.33 | Slow EMA: 79003.32 | RSI: 41.9 | ATR: 769.45 | Daily Trend Up: True
2026-09-10 03:54:44,391 [INFO] [BTC/USDT] ✅ الدورة مكتملة.
2026-09-10 03:54:44,391 [INFO] 🔍 فحص ETH/USDT...
2026-09-10 03:54:44,629 [INFO] 📊 [ETH/USDT] شمعة مغلقة [2026-09-09 20:00:00+00:00] | Close: $2,468.13 | Fast EMA: 2482.78 | Slow EMA: 2481.87 | RSI: 45.4 | ATR: 32.23 | Daily Trend Up: True
2026-09-10 03:54:44,629 [INFO] [ETH/USDT] ✅ الدورة مكتملة.
2026-09-10 03:54:44,629 [INFO] ✅ انتهت جميع الدورات.
2026-09-10 08:49:00,746 [INFO] ============================================================
2026-09-10 08:49:00,746 [INFO] 🤖 GitHub Actions — بدء الدورة لكل الأزواج
2026-09-10 08:49:00,746 [INFO] ============================================================
2026-09-10 08:49:00,746 [INFO] 🔍 فحص BTC/USDT...
2026-09-10 08:49:02,795 [INFO] 📊 [BTC/USDT] شمعة مغلقة [2026-09-10 04:00:00+00:00] | Close: $78,112.00 | Fast EMA: 78467.14 | Slow EMA: 78905.06 | RSI: 40.0 | ATR: 750.11 | Daily Trend Up: True
2026-09-10 08:49:02,795 [INFO] [BTC/USDT] ✅ الدورة مكتملة.
2026-09-10 08:49:02,795 [INFO] 🔍 فحص ETH/USDT...
2026-09-10 08:49:03,049 [INFO] 📊 [ETH/USDT] شمعة مغلقة [2026-09-10 04:00:00+00:00] | Close: $2,472.97 | Fast EMA: 2479.33 | Slow EMA: 2480.91 | RSI: 47.1 | ATR: 30.87 | Daily Trend Up: True
2026-09-10 08:49:03,049 [INFO] [ETH/USDT] ✅ الدورة مكتملة.
2026-09-10 08:49:03,548 [INFO] 💓 [BTC/USDT] نبضة حياة (uptime: 0.0h)
2026-09-10 08:49:03,974 [INFO] 💓 [ETH/USDT] نبضة حياة (uptime: 0.0h)
2026-09-10 08:49:03,974 [INFO] ✅ انتهت جميع الدورات.
2026-09-10 13:26:10,771 [INFO] ============================================================
2026-09-10 13:26:10,771 [INFO] 🤖 GitHub Actions — بدء الدورة لكل الأزواج
2026-09-10 13:26:10,772 [INFO] ============================================================
2026-09-10 13:26:10,772 [INFO] 🔍 فحص BTC/USDT...
2026-09-10 13:26:13,001 [INFO] 📊 [BTC/USDT] شمعة مغلقة [2026-09-10 08:00:00+00:00] | Close: $77,840.80 | Fast EMA: 78327.95 | Slow EMA: 78836.40 | RSI: 37.4 | ATR: 735.19 | Daily Trend Up: True
2026-09-10 13:26:13,002 [INFO] [BTC/USDT] ✅ الدورة مكتملة.
2026-09-10 13:26:13,002 [INFO] 🔍 فحص ETH/USDT...
2026-09-10 13:26:13,316 [INFO] 📊 [ETH/USDT] شمعة مغلقة [2026-09-10 08:00:00+00:00] | Close: $2,462.21 | Fast EMA: 2475.52 | Slow EMA: 2479.70 | RSI: 43.9 | ATR: 30.07 | Daily Trend Up: True
2026-09-10 13:26:13,317 [INFO] [ETH/USDT] ✅ الدورة مكتملة.
2026-09-10 13:26:13,317 [INFO] ✅ انتهت جميع الدورات.
2026-09-10 17:06:51,187 [INFO] ============================================================
2026-09-10 17:06:51,187 [INFO] 🤖 GitHub Actions — بدء الدورة لكل الأزواج
2026-09-10 17:06:51,187 [INFO] ============================================================
2026-09-10 17:06:51,187 [INFO] 🔍 فحص BTC/USDT...
2026-09-10 17:06:53,194 [INFO] 📊 [BTC/USDT] شمعة مغلقة [2026-09-10 12:00:00+00:00] | Close: $77,250.00 | Fast EMA: 78088.41 | Slow EMA: 78734.05 | RSI: 32.4 | ATR: 774.33 | Daily Trend Up: True
2026-09-10 17:06:53,194 [INFO] [BTC/USDT] ✅ الدورة مكتملة.
2026-09-10 17:06:53,194 [INFO] 🔍 فحص ETH/USDT...
2026-09-10 17:06:53,431 [INFO] 📊 [ETH/USDT] شمعة مغلقة [2026-09-10 12:00:00+00:00] | Close: $2,441.54 | Fast EMA: 2467.97 | Slow EMA: 2477.24 | RSI: 38.4 | ATR: 32.28 | Daily Trend Up: True
2026-09-10 17:06:53,431 [INFO] [ETH/USDT] ✅ الدورة مكتملة.
2026-09-10 17:06:54,040 [INFO] 💓 [BTC/USDT] نبضة حياة (uptime: 0.0h)
2026-09-10 17:06:54,526 [INFO] 💓 [ETH/USDT] نبضة حياة (uptime: 0.0h)
2026-09-10 17:06:54,526 [INFO] ✅ انتهت جميع الدورات.
2026-09-10 19:43:16,676 [INFO] ============================================================
2026-09-10 19:43:16,676 [INFO] 🤖 GitHub Actions — بدء الدورة لكل الأزواج
2026-09-10 19:43:16,677 [INFO] ============================================================
2026-09-10 19:43:16,677 [INFO] 🔍 فحص BTC/USDT...
2026-09-10 19:43:18,950 [INFO] [BTC/USDT] ✅ الدورة مكتملة.
2026-09-10 19:43:18,950 [INFO] 🔍 فحص ETH/USDT...
2026-09-10 19:43:19,236 [INFO] [ETH/USDT] ✅ الدورة مكتملة.
2026-09-10 19:43:19,236 [INFO] ✅ انتهت جميع الدورات.
2026-09-10 21:58:26,497 [INFO] ============================================================
2026-09-10 21:58:26,498 [INFO] 🤖 GitHub Actions — بدء الدورة لكل الأزواج
2026-09-10 21:58:26,498 [INFO] ============================================================
2026-09-10 21:58:26,498 [INFO] 🔍 فحص BTC/USDT...
2026-09-10 21:58:28,321 [INFO] 📊 [BTC/USDT] شمعة مغلقة [2026-09-10 16:00:00+00:00] | Close: $77,160.83 | Fast EMA: 77882.28 | Slow EMA: 78632.55 | RSI: 31.7 | ATR: 771.81 | Daily Trend Up: True
2026-09-10 21:58:28,321 [INFO] [BTC/USDT] ✅ الدورة مكتملة.
2026-09-10 21:58:28,321 [INFO] 🔍 فحص ETH/USDT...
2026-09-10 21:58:28,561 [INFO] 📊 [ETH/USDT] شمعة مغلقة [2026-09-10 16:00:00+00:00] | Close: $2,462.54 | Fast EMA: 2466.76 | Slow EMA: 2476.29 | RSI: 45.8 | ATR: 32.98 | Daily Trend Up: True
2026-09-10 21:58:28,561 [INFO] [ETH/USDT] ✅ الدورة مكتملة.
2026-09-10 21:58:28,562 [INFO] ✅ انتهت جميع الدورات.
2026-09-10 23:59:37,051 [INFO] ============================================================
2026-09-10 23:59:37,051 [INFO] 🤖 GitHub Actions — بدء الدورة لكل الأزواج
2026-09-10 23:59:37,051 [INFO] ============================================================
2026-09-10 23:59:37,051 [INFO] 🔍 فحص BTC/USDT...
2026-09-10 23:59:39,462 [INFO] [BTC/USDT] ✅ الدورة مكتملة.
2026-09-10 23:59:39,462 [INFO] 🔍 فحص ETH/USDT...
2026-09-10 23:59:39,802 [INFO] [ETH/USDT] ✅ الدورة مكتملة.
2026-09-10 23:59:40,193 [INFO] 💓 [BTC/USDT] نبضة حياة (uptime: 0.0h)
2026-09-10 23:59:40,490 [INFO] 💓 [ETH/USDT] نبضة حياة (uptime: 0.0h)
2026-09-10 23:59:40,490 [INFO] ✅ انتهت جميع الدورات.
2026-09-11 04:27:54,639 [INFO] ============================================================
2026-09-11 04:27:54,640 [INFO] 🤖 GitHub Actions — بدء الدورة لكل الأزواج
2026-09-11 04:27:54,640 [INFO] ============================================================
2026-09-11 04:27:54,640 [INFO] 🔍 فحص BTC/USDT...
2026-09-11 04:27:56,811 [INFO] 📊 [BTC/USDT] شمعة مغلقة [2026-09-11 00:00:00+00:00] | Close: $76,891.80 | Fast EMA: 77435.14 | Slow EMA: 78395.68 | RSI: 32.7 | ATR: 756.27 | Daily Trend Up: False
2026-09-11 04:27:56,811 [INFO] [BTC/USDT] ✅ الدورة مكتملة.
2026-09-11 04:27:56,811 [INFO] 🔍 فحص ETH/USDT...
2026-09-11 04:27:57,121 [INFO] 📊 [ETH/USDT] شمعة مغلقة [2026-09-11 00:00:00+00:00] | Close: $2,447.27 | Fast EMA: 2457.51 | Slow EMA: 2472.12 | RSI: 42.8 | ATR: 32.31 | Daily Trend Up: True
2026-09-11 04:27:57,121 [INFO] [ETH/USDT] ✅ الدورة مكتملة.
2026-09-11 04:27:57,122 [INFO] ✅ انتهت جميع الدورات.
2026-09-11 09:04:52,059 [INFO] ============================================================
2026-09-11 09:04:52,059 [INFO] 🤖 GitHub Actions — بدء الدورة لكل الأزواج
2026-09-11 09:04:52,059 [INFO] ============================================================
2026-09-11 09:04:52,060 [INFO] 🔍 فحص BTC/USDT...
2026-09-11 09:04:54,478 [INFO] 📊 [BTC/USDT] شمعة مغلقة [2026-09-11 04:00:00+00:00] | Close: $77,230.70 | Fast EMA: 77389.71 | Slow EMA: 78320.52 | RSI: 37.8 | ATR: 740.98 | Daily Trend Up: False
2026-09-11 09:04:54,478 [INFO] [BTC/USDT] ✅ الدورة مكتملة.
2026-09-11 09:04:54,478 [INFO] 🔍 فحص ETH/USDT...
2026-09-11 09:04:54,808 [INFO] 📊 [ETH/USDT] شمعة مغلقة [2026-09-11 04:00:00+00:00] | Close: $2,467.52 | Fast EMA: 2459.73 | Slow EMA: 2471.83 | RSI: 48.9 | ATR: 31.95 | Daily Trend Up: True
2026-09-11 09:04:54,808 [INFO] [ETH/USDT] ✅ الدورة مكتملة.
2026-09-11 09:04:55,337 [INFO] 💓 [BTC/USDT] نبضة حياة (uptime: 0.0h)
2026-09-11 09:04:55,725 [INFO] 💓 [ETH/USDT] نبضة حياة (uptime: 0.0h)
2026-09-11 09:04:55,726 [INFO] ✅ انتهت جميع الدورات.
2026-09-11 13:36:33,587 [INFO] ============================================================
2026-09-11 13:36:33,587 [INFO] 🤖 GitHub Actions — بدء الدورة لكل الأزواج
2026-09-11 13:36:33,587 [INFO] ============================================================
2026-09-11 13:36:33,587 [INFO] 🔍 فحص BTC/USDT...
2026-09-11 13:36:35,401 [INFO] 📊 [BTC/USDT] شمعة مغلقة [2026-09-11 08:00:00+00:00] | Close: $77,036.12 | Fast EMA: 77311.13 | Slow EMA: 78237.66 | RSI: 36.1 | ATR: 741.84 | Daily Trend Up: False
2026-09-11 13:36:35,402 [INFO] [BTC/USDT] ✅ الدورة مكتملة.
2026-09-11 13:36:35,402 [INFO] 🔍 فحص ETH/USDT...
2026-09-11 13:36:35,647 [INFO] 📊 [ETH/USDT] شمعة مغلقة [2026-09-11 08:00:00+00:00] | Close: $2,458.27 | Fast EMA: 2459.41 | Slow EMA: 2470.95 | RSI: 46.5 | ATR: 31.96 | Daily Trend Up: True
2026-09-11 13:36:35,647 [INFO] [ETH/USDT] ✅ الدورة مكتملة.
2026-09-11 13:36:35,647 [INFO] ✅ انتهت جميع الدورات.
2026-09-11 17:17:17,922 [INFO] ============================================================
2026-09-11 17:17:17,922 [INFO] 🤖 GitHub Actions — بدء الدورة لكل الأزواج
2026-09-11 17:17:17,922 [INFO] ============================================================
2026-09-11 17:17:17,922 [INFO] 🔍 فحص BTC/USDT...
2026-09-11 17:17:20,005 [INFO] 📊 [BTC/USDT] شمعة مغلقة [2026-09-11 12:00:00+00:00] | Close: $77,732.25 | Fast EMA: 77404.71 | Slow EMA: 78205.05 | RSI: 45.4 | ATR: 963.39 | Daily Trend Up: False
2026-09-11 17:17:20,006 [INFO] [BTC/USDT] ✅ الدورة مكتملة.
2026-09-11 17:17:20,006 [INFO] 🔍 فحص ETH/USDT...
2026-09-11 17:17:20,267 [INFO] 📊 [ETH/USDT] شمعة مغلقة [2026-09-11 12:00:00+00:00] | Close: $2,559.42 | Fast EMA: 2481.63 | Slow EMA: 2476.66 | RSI: 66.2 | ATR: 46.26 | Daily Trend Up: True
2026-09-11 17:17:20,912 [INFO] 🚀 [ETH/USDT] فتح صفقة @ $2,579.34
2026-09-11 17:17:20,912 [INFO] [ETH/USDT] ✅ الدورة مكتملة.
2026-09-11 17:17:21,302 [INFO] 💓 [BTC/USDT] نبضة حياة (uptime: 0.0h)
2026-09-11 17:17:21,721 [INFO] 💓 [ETH/USDT] نبضة حياة (uptime: 0.0h)
2026-09-11 17:17:21,721 [INFO] ✅ انتهت جميع الدورات.
2026-09-11 19:57:35,622 [INFO] ============================================================
2026-09-11 19:57:35,622 [INFO] 🤖 GitHub Actions — بدء الدورة لكل الأزواج
2026-09-11 19:57:35,622 [INFO] ============================================================
2026-09-11 19:57:35,622 [INFO] 🔍 فحص BTC/USDT...
2026-09-11 19:57:37,600 [INFO] [BTC/USDT] ✅ الدورة مكتملة.
2026-09-11 19:57:37,600 [INFO] 🔍 فحص ETH/USDT...
2026-09-11 19:57:37,983 [INFO] [ETH/USDT] ✅ الدورة مكتملة.
2026-09-11 19:57:37,983 [INFO] ✅ انتهت جميع الدورات.
2026-09-11 22:27:16,363 [INFO] ============================================================
2026-09-11 22:27:16,363 [INFO] 🤖 GitHub Actions — بدء الدورة لكل الأزواج
2026-09-11 22:27:16,363 [INFO] ============================================================
2026-09-11 22:27:16,363 [INFO] 🔍 فحص BTC/USDT...
2026-09-11 22:27:18,521 [INFO] 📊 [BTC/USDT] شمعة مغلقة [2026-09-11 16:00:00+00:00] | Close: $77,286.01 | Fast EMA: 77378.34 | Slow EMA: 78145.76 | RSI: 41.3 | ATR: 979.22 | Daily Trend Up: False
2026-09-11 22:27:18,521 [INFO] [BTC/USDT] ✅ الدورة مكتملة.
2026-09-11 22:27:18,521 [INFO] 🔍 فحص ETH/USDT...
2026-09-11 22:27:18,944 [INFO] 📊 [ETH/USDT] شمعة مغلقة [2026-09-11 16:00:00+00:00] | Close: $2,539.49 | Fast EMA: 2494.49 | Slow EMA: 2480.71 | RSI: 61.4 | ATR: 46.88 | Daily Trend Up: True
2026-09-11 22:27:18,945 [INFO] [ETH/USDT] ✅ الدورة مكتملة.
2026-09-11 22:27:18,945 [INFO] ✅ انتهت جميع الدورات.
2026-09-12 00:32:41,481 [INFO] ============================================================
2026-09-12 00:32:41,481 [INFO] 🤖 GitHub Actions — بدء الدورة لكل الأزواج
2026-09-12 00:32:41,481 [INFO] ============================================================
2026-09-12 00:32:41,481 [INFO] 🔍 فحص BTC/USDT...
2026-09-12 00:32:43,711 [INFO] 📊 [BTC/USDT] شمعة مغلقة [2026-09-11 20:00:00+00:00] | Close: $77,225.70 | Fast EMA: 77344.42 | Slow EMA: 78086.40 | RSI: 40.7 | ATR: 947.62 | Daily Trend Up: False
2026-09-12 00:32:43,711 [INFO] [BTC/USDT] ✅ الدورة مكتملة.
2026-09-12 00:32:43,711 [INFO] 🔍 فحص ETH/USDT...
2026-09-12 00:32:44,035 [INFO] 📊 [ETH/USDT] شمعة مغلقة [2026-09-11 20:00:00+00:00] | Close: $2,516.43 | Fast EMA: 2499.37 | Slow EMA: 2483.02 | RSI: 56.3 | ATR: 46.50 | Daily Trend Up: True
2026-09-12 00:32:44,035 [INFO] [ETH/USDT] ✅ الدورة مكتملة.
2026-09-12 00:32:44,590 [INFO] 💓 [BTC/USDT] نبضة حياة (uptime: 0.0h)
2026-09-12 00:32:45,043 [INFO] 💓 [ETH/USDT] نبضة حياة (uptime: 0.0h)
2026-09-12 00:32:45,043 [INFO] ✅ انتهت جميع الدورات.
2026-09-12 05:07:54,815 [INFO] ============================================================
2026-09-12 05:07:54,816 [INFO] 🤖 GitHub Actions — بدء الدورة لكل الأزواج
2026-09-12 05:07:54,816 [INFO] ============================================================
2026-09-12 05:07:54,816 [INFO] 🔍 فحص BTC/USDT...
2026-09-12 05:07:57,129 [INFO] 📊 [BTC/USDT] شمعة مغلقة [2026-09-12 00:00:00+00:00] | Close: $77,268.09 | Fast EMA: 77327.45 | Slow EMA: 78033.61 | RSI: 41.3 | ATR: 892.13 | Daily Trend Up: True
2026-09-12 05:07:57,129 [INFO] [BTC/USDT] ✅ الدورة مكتملة.
2026-09-12 05:07:57,129 [INFO] 🔍 فحص ETH/USDT...
2026-09-12 05:07:57,613 [INFO] 📊 [ETH/USDT] شمعة مغلقة [2026-09-12 00:00:00+00:00] | Close: $2,513.29 | Fast EMA: 2502.46 | Slow EMA: 2484.97 | RSI: 55.6 | ATR: 43.78 | Daily Trend Up: True
2026-09-12 05:07:57,614 [INFO] [ETH/USDT] ✅ الدورة مكتملة.
2026-09-12 05:07:57,614 [INFO] ✅ انتهت جميع الدورات.
2026-09-12 09:23:30,372 [INFO] ============================================================
2026-09-12 09:23:30,373 [INFO] 🤖 GitHub Actions — بدء الدورة لكل الأزواج
2026-09-12 09:23:30,373 [INFO] ============================================================
2026-09-12 09:23:30,373 [INFO] 🔍 فحص BTC/USDT...
2026-09-12 09:23:32,513 [INFO] 📊 [BTC/USDT] شمعة مغلقة [2026-09-12 04:00:00+00:00] | Close: $77,269.55 | Fast EMA: 77314.59 | Slow EMA: 77984.31 | RSI: 41.3 | ATR: 842.34 | Daily Trend Up: True
2026-09-12 09:23:32,513 [INFO] [BTC/USDT] ✅ الدورة مكتملة.
2026-09-12 09:23:32,513 [INFO] 🔍 فحص ETH/USDT...
2026-09-12 09:23:32,938 [INFO] 📊 [ETH/USDT] شمعة مغلقة [2026-09-12 04:00:00+00:00] | Close: $2,524.19 | Fast EMA: 2507.29 | Slow EMA: 2487.50 | RSI: 57.5 | ATR: 41.85 | Daily Trend Up: True
2026-09-12 09:23:32,938 [INFO] [ETH/USDT] ✅ الدورة مكتملة.
2026-09-12 09:23:33,438 [INFO] 💓 [BTC/USDT] نبضة حياة (uptime: 0.0h)
2026-09-12 09:23:33,805 [INFO] 💓 [ETH/USDT] نبضة حياة (uptime: 0.0h)
2026-09-12 09:23:33,806 [INFO] ✅ انتهت جميع الدورات.
2026-09-12 13:02:07,968 [INFO] ============================================================
2026-09-12 13:02:07,968 [INFO] 🤖 GitHub Actions — بدء الدورة لكل الأزواج
2026-09-12 13:02:07,968 [INFO] ============================================================
2026-09-12 13:02:07,968 [INFO] 🔍 فحص BTC/USDT...
2026-09-12 13:02:09,782 [INFO] 📊 [BTC/USDT] شمعة مغلقة [2026-09-12 08:00:00+00:00] | Close: $77,356.04 | Fast EMA: 77323.80 | Slow EMA: 77943.78 | RSI: 42.7 | ATR: 791.55 | Daily Trend Up: True
2026-09-12 13:02:09,782 [INFO] [BTC/USDT] ✅ الدورة مكتملة.
2026-09-12 13:02:09,782 [INFO] 🔍 فحص ETH/USDT...
2026-09-12 13:02:10,140 [INFO] 📊 [ETH/USDT] شمعة مغلقة [2026-09-12 08:00:00+00:00] | Close: $2,536.17 | Fast EMA: 2513.71 | Slow EMA: 2490.64 | RSI: 59.6 | ATR: 39.89 | Daily Trend Up: True
2026-09-12 13:02:10,140 [INFO] [ETH/USDT] ✅ الدورة مكتملة.
2026-09-12 13:02:10,141 [INFO] ✅ انتهت جميع الدورات.
2026-09-12 16:20:14,337 [INFO] ============================================================
2026-09-12 16:20:14,337 [INFO] 🤖 GitHub Actions — بدء الدورة لكل الأزواج
2026-09-12 16:20:14,337 [INFO] ============================================================
2026-09-12 16:20:14,337 [INFO] 🔍 فحص BTC/USDT...
2026-09-12 16:20:16,717 [INFO] 📊 [BTC/USDT] شمعة مغلقة [2026-09-12 12:00:00+00:00] | Close: $77,380.37 | Fast EMA: 77336.37 | Slow EMA: 77907.43 | RSI: 43.1 | ATR: 752.90 | Daily Trend Up: True
2026-09-12 16:20:16,717 [INFO] [BTC/USDT] ✅ الدورة مكتملة.
2026-09-12 16:20:16,717 [INFO] 🔍 فحص ETH/USDT...
2026-09-12 16:20:17,210 [INFO] 📊 [ETH/USDT] شمعة مغلقة [2026-09-12 12:00:00+00:00] | Close: $2,535.08 | Fast EMA: 2518.46 | Slow EMA: 2493.51 | RSI: 59.3 | ATR: 38.04 | Daily Trend Up: True
2026-09-12 16:20:17,211 [INFO] [ETH/USDT] ✅ الدورة مكتملة.
2026-09-12 16:20:17,604 [INFO] 💓 [BTC/USDT] نبضة حياة (uptime: 0.0h)
2026-09-12 16:20:17,918 [INFO] 💓 [ETH/USDT] نبضة حياة (uptime: 0.0h)
2026-09-12 16:20:17,918 [INFO] ✅ انتهت جميع الدورات.
2026-09-12 18:36:47,536 [INFO] ============================================================
2026-09-12 18:36:47,536 [INFO] 🤖 GitHub Actions — بدء الدورة لكل الأزواج
2026-09-12 18:36:47,536 [INFO] ============================================================
2026-09-12 18:36:47,537 [INFO] 🔍 فحص BTC/USDT...
2026-09-12 18:36:49,307 [INFO] [BTC/USDT] ✅ الدورة مكتملة.
2026-09-12 18:36:49,307 [INFO] 🔍 فحص ETH/USDT...
2026-09-12 18:36:49,659 [INFO] [ETH/USDT] ✅ الدورة مكتملة.
2026-09-12 18:36:49,659 [INFO] ✅ انتهت جميع الدورات.
2026-09-12 20:59:02,350 [INFO] ============================================================
2026-09-12 20:59:02,350 [INFO] 🤖 GitHub Actions — بدء الدورة لكل الأزواج
2026-09-12 20:59:02,350 [INFO] ============================================================
2026-09-12 20:59:02,350 [INFO] 🔍 فحص BTC/USDT...
2026-09-12 20:59:04,254 [INFO] 📊 [BTC/USDT] شمعة مغلقة [2026-09-12 16:00:00+00:00] | Close: $77,114.99 | Fast EMA: 77287.17 | Slow EMA: 77856.30 | RSI: 39.9 | ATR: 724.43 | Daily Trend Up: True
2026-09-12 20:59:04,255 [INFO] [BTC/USDT] ✅ الدورة مكتملة.
2026-09-12 20:59:04,255 [INFO] 🔍 فحص ETH/USDT...
2026-09-12 20:59:04,596 [INFO] 📊 [ETH/USDT] شمعة مغلقة [2026-09-12 16:00:00+00:00] | Close: $2,519.63 | Fast EMA: 2518.72 | Slow EMA: 2495.19 | RSI: 55.3 | ATR: 36.84 | Daily Trend Up: True
2026-09-12 20:59:04,596 [INFO] [ETH/USDT] ✅ الدورة مكتملة.
2026-09-12 20:59:04,596 [INFO] ✅ انتهت جميع الدورات.
2026-09-12 22:57:55,529 [INFO] ============================================================
2026-09-12 22:57:55,529 [INFO] 🤖 GitHub Actions — بدء الدورة لكل الأزواج
2026-09-12 22:57:55,529 [INFO] ============================================================
2026-09-12 22:57:55,529 [INFO] 🔍 فحص BTC/USDT...
2026-09-12 22:57:58,370 [INFO] [BTC/USDT] ✅ الدورة مكتملة.
2026-09-12 22:57:58,370 [INFO] 🔍 فحص ETH/USDT...
2026-09-12 22:57:58,867 [INFO] [ETH/USDT] ✅ الدورة مكتملة.
2026-09-12 22:57:59,248 [INFO] 💓 [BTC/USDT] نبضة حياة (uptime: 0.0h)
2026-09-12 22:57:59,529 [INFO] 💓 [ETH/USDT] نبضة حياة (uptime: 0.0h)
2026-09-12 22:57:59,529 [INFO] ✅ انتهت جميع الدورات.
2026-09-13 00:49:35,538 [INFO] ============================================================
2026-09-13 00:49:35,538 [INFO] 🤖 GitHub Actions — بدء الدورة لكل الأزواج
2026-09-13 00:49:35,538 [INFO] ============================================================
2026-09-13 00:49:35,538 [INFO] 🔍 فحص BTC/USDT...
2026-09-13 00:49:38,052 [INFO] 📊 [BTC/USDT] شمعة مغلقة [2026-09-12 20:00:00+00:00] | Close: $77,278.73 | Fast EMA: 77285.30 | Slow EMA: 77819.04 | RSI: 42.7 | ATR: 685.90 | Daily Trend Up: True
2026-09-13 00:49:38,052 [INFO] [BTC/USDT] ✅ الدورة مكتملة.
2026-09-13 00:49:38,052 [INFO] 🔍 فحص ETH/USDT...
2026-09-13 00:49:38,561 [INFO] 📊 [ETH/USDT] شمعة مغلقة [2026-09-12 20:00:00+00:00] | Close: $2,525.93 | Fast EMA: 2520.32 | Slow EMA: 2497.18 | RSI: 56.6 | ATR: 34.90 | Daily Trend Up: True
2026-09-13 00:49:38,561 [INFO] [ETH/USDT] ✅ الدورة مكتملة.
2026-09-13 00:49:38,561 [INFO] ✅ انتهت جميع الدورات.
2026-09-13 05:46:21,478 [INFO] ============================================================
2026-09-13 05:46:21,478 [INFO] 🤖 GitHub Actions — بدء الدورة لكل الأزواج
2026-09-13 05:46:21,478 [INFO] ============================================================
2026-09-13 05:46:21,478 [INFO] 🔍 فحص BTC/USDT...
2026-09-13 05:46:23,782 [INFO] 📊 [BTC/USDT] شمعة مغلقة [2026-09-13 00:00:00+00:00] | Close: $77,192.01 | Fast EMA: 77264.57 | Slow EMA: 77778.59 | RSI: 41.6 | ATR: 649.69 | Daily Trend Up: True
2026-09-13 05:46:23,782 [INFO] [BTC/USDT] ✅ الدورة مكتملة.
2026-09-13 05:46:23,782 [INFO] 🔍 فحص ETH/USDT...
2026-09-13 05:46:24,266 [INFO] 📊 [ETH/USDT] شمعة مغلقة [2026-09-13 00:00:00+00:00] | Close: $2,520.82 | Fast EMA: 2520.43 | Slow EMA: 2498.70 | RSI: 55.2 | ATR: 33.01 | Daily Trend Up: True
2026-09-13 05:46:24,266 [INFO] [ETH/USDT] ✅ الدورة مكتملة.
2026-09-13 05:46:24,679 [INFO] 💓 [BTC/USDT] نبضة حياة (uptime: 0.0h)
2026-09-13 05:46:24,999 [INFO] 💓 [ETH/USDT] نبضة حياة (uptime: 0.0h)
2026-09-13 05:46:24,999 [INFO] ✅ انتهت جميع الدورات.
2026-09-13 11:22:35,420 [INFO] ============================================================
2026-09-13 11:22:35,420 [INFO] 🤖 GitHub Actions — بدء الدورة لكل الأزواج
2026-09-13 11:22:35,421 [INFO] ============================================================
2026-09-13 11:22:35,421 [INFO] 🔍 فحص BTC/USDT...
2026-09-13 11:22:37,420 [INFO] 📊 [BTC/USDT] شمعة مغلقة [2026-09-13 04:00:00+00:00] | Close: $77,127.99 | Fast EMA: 77234.22 | Slow EMA: 77736.61 | RSI: 40.7 | ATR: 622.38 | Daily Trend Up: True
2026-09-13 11:22:37,421 [INFO] [BTC/USDT] ✅ الدورة مكتملة.
2026-09-13 11:22:37,421 [INFO] 🔍 فحص ETH/USDT...
2026-09-13 11:22:38,227 [INFO] 🚨 [ETH/USDT] إغلاق لحظي: STOP LOSS 🔴 (Live Hit) @ $2,485.08
2026-09-13 11:22:38,464 [INFO] 📊 [ETH/USDT] شمعة مغلقة [2026-09-13 04:00:00+00:00] | Close: $2,517.94 | Fast EMA: 2519.88 | Slow EMA: 2499.94 | RSI: 54.4 | ATR: 31.68 | Daily Trend Up: True
2026-09-13 11:22:38,464 [INFO] [ETH/USDT] ✅ الدورة مكتملة.
2026-09-13 11:22:38,464 [INFO] ✅ انتهت جميع الدورات.
2026-09-13 14:59:55,943 [INFO] ============================================================
2026-09-13 14:59:55,943 [INFO] 🤖 GitHub Actions — بدء الدورة لكل الأزواج
2026-09-13 14:59:55,943 [INFO] ============================================================
2026-09-13 14:59:55,943 [INFO] 🔍 فحص BTC/USDT...
2026-09-13 14:59:58,480 [INFO] 📊 [BTC/USDT] شمعة مغلقة [2026-09-13 08:00:00+00:00] | Close: $76,792.32 | Fast EMA: 77136.02 | Slow EMA: 77675.69 | RSI: 36.5 | ATR: 626.64 | Daily Trend Up: True
2026-09-13 14:59:58,480 [INFO] [BTC/USDT] ✅ الدورة مكتملة.
2026-09-13 14:59:58,480 [INFO] 🔍 فحص ETH/USDT...
2026-09-13 14:59:58,820 [INFO] 📊 [ETH/USDT] شمعة مغلقة [2026-09-13 08:00:00+00:00] | Close: $2,481.05 | Fast EMA: 2511.25 | Slow EMA: 2498.72 | RSI: 45.3 | ATR: 33.15 | Daily Trend Up: True
2026-09-13 14:59:58,820 [INFO] [ETH/USDT] ✅ الدورة مكتملة.
2026-09-13 14:59:59,245 [INFO] 💓 [BTC/USDT] نبضة حياة (uptime: 0.0h)
2026-09-13 14:59:59,549 [INFO] 💓 [ETH/USDT] نبضة حياة (uptime: 0.0h)
2026-09-13 14:59:59,549 [INFO] ✅ انتهت جميع الدورات.
2026-09-13 18:05:49,909 [INFO] ============================================================
2026-09-13 18:05:49,909 [INFO] 🤖 GitHub Actions — بدء الدورة لكل الأزواج
2026-09-13 18:05:49,909 [INFO] ============================================================
2026-09-13 18:05:49,909 [INFO] 🔍 فحص BTC/USDT...
2026-09-13 18:05:52,431 [INFO] 📊 [BTC/USDT] شمعة مغلقة [2026-09-13 12:00:00+00:00] | Close: $77,134.83 | Fast EMA: 77135.75 | Slow EMA: 77640.80 | RSI: 43.0 | ATR: 631.49 | Daily Trend Up: True
2026-09-13 18:05:52,431 [INFO] [BTC/USDT] ✅ الدورة مكتملة.
2026-09-13 18:05:52,431 [INFO] 🔍 فحص ETH/USDT...
2026-09-13 18:05:52,772 [INFO] 📊 [ETH/USDT] شمعة مغلقة [2026-09-13 12:00:00+00:00] | Close: $2,491.10 | Fast EMA: 2506.77 | Slow EMA: 2498.23 | RSI: 47.9 | ATR: 33.18 | Daily Trend Up: True
2026-09-13 18:05:52,772 [INFO] [ETH/USDT] ✅ الدورة مكتملة.
2026-09-13 18:05:52,772 [INFO] ✅ انتهت جميع الدورات.
2026-09-13 20:52:30,738 [INFO] ============================================================
2026-09-13 20:52:30,739 [INFO] 🤖 GitHub Actions — بدء الدورة لكل الأزواج
2026-09-13 20:52:30,739 [INFO] ============================================================
2026-09-13 20:52:30,739 [INFO] 🔍 فحص BTC/USDT...
2026-09-13 20:52:32,508 [INFO] 📊 [BTC/USDT] شمعة مغلقة [2026-09-13 16:00:00+00:00] | Close: $77,284.00 | Fast EMA: 77168.70 | Slow EMA: 77617.78 | RSI: 45.6 | ATR: 606.94 | Daily Trend Up: True
2026-09-13 20:52:32,508 [INFO] [BTC/USDT] ✅ الدورة مكتملة.
2026-09-13 20:52:32,508 [INFO] 🔍 فحص ETH/USDT...
2026-09-13 20:52:32,742 [INFO] 📊 [ETH/USDT] شمعة مغلقة [2026-09-13 16:00:00+00:00] | Close: $2,506.02 | Fast EMA: 2506.60 | Slow EMA: 2498.73 | RSI: 51.5 | ATR: 32.57 | Daily Trend Up: True
2026-09-13 20:52:32,743 [INFO] [ETH/USDT] ✅ الدورة مكتملة.
2026-09-13 20:52:32,743 [INFO] ✅ انتهت جميع الدورات.
2026-09-13 23:00:34,642 [INFO] ============================================================
2026-09-13 23:00:34,642 [INFO] 🤖 GitHub Actions — بدء الدورة لكل الأزواج
2026-09-13 23:00:34,642 [INFO] ============================================================
2026-09-13 23:00:34,642 [INFO] 🔍 فحص BTC/USDT...
2026-09-13 23:00:37,015 [INFO] [BTC/USDT] ✅ الدورة مكتملة.
2026-09-13 23:00:37,015 [INFO] 🔍 فحص ETH/USDT...
2026-09-13 23:00:37,303 [INFO] [ETH/USDT] ✅ الدورة مكتملة.
2026-09-13 23:00:37,755 [INFO] 💓 [BTC/USDT] نبضة حياة (uptime: 0.0h)
2026-09-13 23:00:38,181 [INFO] 💓 [ETH/USDT] نبضة حياة (uptime: 0.0h)
2026-09-13 23:00:38,284 [INFO] ✅ انتهت جميع الدورات.
2026-09-14 01:07:05,281 [INFO] ============================================================
2026-09-14 01:07:05,281 [INFO] 🤖 GitHub Actions — بدء الدورة لكل الأزواج
2026-09-14 01:07:05,281 [INFO] ============================================================
2026-09-14 01:07:05,281 [INFO] 🔍 فحص BTC/USDT...
2026-09-14 01:07:07,089 [INFO] 📊 [BTC/USDT] شمعة مغلقة [2026-09-13 20:00:00+00:00] | Close: $76,842.01 | Fast EMA: 77096.10 | Slow EMA: 77567.73 | RSI: 39.8 | ATR: 622.66 | Daily Trend Up: True
2026-09-14 01:07:07,090 [INFO] [BTC/USDT] ✅ الدورة مكتملة.
2026-09-14 01:07:07,090 [INFO] 🔍 فحص ETH/USDT...
2026-09-14 01:07:07,326 [INFO] 📊 [ETH/USDT] شمعة مغلقة [2026-09-13 20:00:00+00:00] | Close: $2,477.10 | Fast EMA: 2500.05 | Slow EMA: 2497.34 | RSI: 44.9 | ATR: 33.52 | Daily Trend Up: True
2026-09-14 01:07:07,326 [INFO] [ETH/USDT] ✅ الدورة مكتملة.
2026-09-14 01:07:07,326 [INFO] ✅ انتهت جميع الدورات.
2026-09-14 06:19:38,620 [INFO] ============================================================
2026-09-14 06:19:38,620 [INFO] 🤖 GitHub Actions — بدء الدورة لكل الأزواج
2026-09-14 06:19:38,620 [INFO] ============================================================
2026-09-14 06:19:38,620 [INFO] 🔍 فحص BTC/USDT...
2026-09-14 06:19:41,031 [INFO] 📊 [BTC/USDT] شمعة مغلقة [2026-09-14 00:00:00+00:00] | Close: $77,596.33 | Fast EMA: 77207.26 | Slow EMA: 77569.57 | RSI: 51.2 | ATR: 683.98 | Daily Trend Up: False
2026-09-14 06:19:41,031 [INFO] [BTC/USDT] ✅ الدورة مكتملة.
2026-09-14 06:19:41,031 [INFO] 🔍 فحص ETH/USDT...
2026-09-14 06:19:41,371 [INFO] 📊 [ETH/USDT] شمعة مغلقة [2026-09-14 00:00:00+00:00] | Close: $2,512.96 | Fast EMA: 2502.92 | Slow EMA: 2498.35 | RSI: 52.9 | ATR: 35.07 | Daily Trend Up: True
2026-09-14 06:19:41,371 [INFO] [ETH/USDT] ✅ الدورة مكتملة.
2026-09-14 06:19:41,728 [INFO] 💓 [BTC/USDT] نبضة حياة (uptime: 0.0h)
2026-09-14 06:19:42,027 [INFO] 💓 [ETH/USDT] نبضة حياة (uptime: 0.0h)
2026-09-14 06:19:42,028 [INFO] ✅ انتهت جميع الدورات.
2026-09-14 13:13:07,837 [INFO] ============================================================
2026-09-14 13:13:07,837 [INFO] 🤖 GitHub Actions — بدء الدورة لكل الأزواج
2026-09-14 13:13:07,837 [INFO] ============================================================
2026-09-14 13:13:07,837 [INFO] 🔍 فحص BTC/USDT...
2026-09-14 13:13:10,185 [INFO] 📊 [BTC/USDT] شمعة مغلقة [2026-09-14 08:00:00+00:00] | Close: $77,776.00 | Fast EMA: 77452.04 | Slow EMA: 77602.37 | RSI: 53.2 | ATR: 679.71 | Daily Trend Up: False
2026-09-14 13:13:10,185 [INFO] [BTC/USDT] ✅ الدورة مكتملة.
2026-09-14 13:13:10,185 [INFO] 🔍 فحص ETH/USDT...
2026-09-14 13:13:10,516 [INFO] 📊 [ETH/USDT] شمعة مغلقة [2026-09-14 08:00:00+00:00] | Close: $2,509.21 | Fast EMA: 2507.87 | Slow EMA: 2500.56 | RSI: 51.7 | ATR: 33.58 | Daily Trend Up: True
2026-09-14 13:13:10,516 [INFO] [ETH/USDT] ✅ الدورة مكتملة.
2026-09-14 13:13:10,951 [INFO] 💓 [BTC/USDT] نبضة حياة (uptime: 0.0h)
2026-09-14 13:13:11,277 [INFO] 💓 [ETH/USDT] نبضة حياة (uptime: 0.0h)
2026-09-14 13:13:11,277 [INFO] ✅ انتهت جميع الدورات.
2026-09-14 18:40:48,442 [INFO] ============================================================
2026-09-14 18:40:48,442 [INFO] 🤖 GitHub Actions — بدء الدورة لكل الأزواج
2026-09-14 18:40:48,442 [INFO] ============================================================
2026-09-14 18:40:48,442 [INFO] 🔍 فحص BTC/USDT...
2026-09-14 18:40:50,696 [INFO] 📊 [BTC/USDT] شمعة مغلقة [2026-09-14 12:00:00+00:00] | Close: $78,578.02 | Fast EMA: 77702.26 | Slow EMA: 77665.31 | RSI: 61.8 | ATR: 719.04 | Daily Trend Up: False
2026-09-14 18:40:50,696 [INFO] [BTC/USDT] ✅ الدورة مكتملة.
2026-09-14 18:40:50,696 [INFO] 🔍 فحص ETH/USDT...
2026-09-14 18:40:50,984 [INFO] 📊 [ETH/USDT] شمعة مغلقة [2026-09-14 12:00:00+00:00] | Close: $2,508.48 | Fast EMA: 2508.00 | Slow EMA: 2501.07 | RSI: 51.5 | ATR: 33.39 | Daily Trend Up: True
2026-09-14 18:40:50,984 [INFO] [ETH/USDT] ✅ الدورة مكتملة.
2026-09-14 18:40:50,985 [INFO] ✅ انتهت جميع الدورات.
2026-09-14 22:05:35,012 [INFO] ============================================================
2026-09-14 22:05:35,012 [INFO] 🤖 GitHub Actions — بدء الدورة لكل الأزواج
2026-09-14 22:05:35,012 [INFO] ============================================================
2026-09-14 22:05:35,012 [INFO] 🔍 فحص BTC/USDT...
2026-09-14 22:05:37,598 [INFO] 📊 [BTC/USDT] شمعة مغلقة [2026-09-14 16:00:00+00:00] | Close: $78,982.00 | Fast EMA: 77986.64 | Slow EMA: 77750.26 | RSI: 65.3 | ATR: 731.88 | Daily Trend Up: False
2026-09-14 22:05:37,598 [INFO] [BTC/USDT] ✅ الدورة مكتملة.
2026-09-14 22:05:37,599 [INFO] 🔍 فحص ETH/USDT...
2026-09-14 22:05:37,922 [INFO] 📊 [ETH/USDT] شمعة مغلقة [2026-09-14 16:00:00+00:00] | Close: $2,540.00 | Fast EMA: 2515.11 | Slow EMA: 2503.59 | RSI: 58.0 | ATR: 34.23 | Daily Trend Up: True
2026-09-14 22:05:37,922 [INFO] [ETH/USDT] ✅ الدورة مكتملة.
2026-09-14 22:05:38,272 [INFO] 💓 [BTC/USDT] نبضة حياة (uptime: 0.0h)
2026-09-14 22:05:38,609 [INFO] 💓 [ETH/USDT] نبضة حياة (uptime: 0.0h)
2026-09-14 22:05:38,610 [INFO] ✅ انتهت جميع الدورات.
2026-09-15 00:39:33,346 [INFO] ============================================================
2026-09-15 00:39:33,347 [INFO] 🤖 GitHub Actions — بدء الدورة لكل الأزواج
2026-09-15 00:39:33,347 [INFO] ============================================================
2026-09-15 00:39:33,347 [INFO] 🔍 فحص BTC/USDT...
2026-09-15 00:39:35,368 [INFO] 📊 [BTC/USDT] شمعة مغلقة [2026-09-14 20:00:00+00:00] | Close: $78,189.21 | Fast EMA: 78031.66 | Slow EMA: 77778.58 | RSI: 54.7 | ATR: 784.51 | Daily Trend Up: False
2026-09-15 00:39:35,368 [INFO] [BTC/USDT] ✅ الدورة مكتملة.
2026-09-15 00:39:35,368 [INFO] 🔍 فحص ETH/USDT...
2026-09-15 00:39:35,603 [INFO] 📊 [ETH/USDT] شمعة مغلقة [2026-09-14 20:00:00+00:00] | Close: $2,515.75 | Fast EMA: 2515.26 | Slow EMA: 2504.37 | RSI: 52.2 | ATR: 39.04 | Daily Trend Up: True
2026-09-15 00:39:35,603 [INFO] [ETH/USDT] ✅ الدورة مكتملة.
2026-09-15 00:39:35,604 [INFO] ✅ انتهت جميع الدورات.
2026-09-15 05:25:13,004 [INFO] ============================================================
2026-09-15 05:25:13,004 [INFO] 🤖 GitHub Actions — بدء الدورة لكل الأزواج
2026-09-15 05:25:13,004 [INFO] ============================================================
2026-09-15 05:25:13,004 [INFO] 🔍 فحص BTC/USDT...
2026-09-15 05:25:15,408 [INFO] 📊 [BTC/USDT] شمعة مغلقة [2026-09-15 00:00:00+00:00] | Close: $77,676.99 | Fast EMA: 77952.84 | Slow EMA: 77772.02 | RSI: 49.2 | ATR: 770.79 | Daily Trend Up: True
2026-09-15 05:25:15,408 [INFO] [BTC/USDT] ✅ الدورة مكتملة.
2026-09-15 05:25:15,408 [INFO] 🔍 فحص ETH/USDT...
2026-09-15 05:25:15,751 [INFO] 📊 [ETH/USDT] شمعة مغلقة [2026-09-15 00:00:00+00:00] | Close: $2,498.62 | Fast EMA: 2511.56 | Slow EMA: 2504.00 | RSI: 48.5 | ATR: 37.96 | Daily Trend Up: True
2026-09-15 05:25:15,751 [INFO] [ETH/USDT] ✅ الدورة مكتملة.
2026-09-15 05:25:16,203 [INFO] 💓 [BTC/USDT] نبضة حياة (uptime: 0.0h)
2026-09-15 05:25:16,505 [INFO] 💓 [ETH/USDT] نبضة حياة (uptime: 0.0h)
2026-09-15 05:25:16,506 [INFO] ✅ انتهت جميع الدورات.
2026-09-15 10:19:30,867 [INFO] ============================================================
2026-09-15 10:19:30,867 [INFO] 🤖 GitHub Actions — بدء الدورة لكل الأزواج
2026-09-15 10:19:30,867 [INFO] ============================================================
2026-09-15 10:19:30,867 [INFO] 🔍 فحص BTC/USDT...
2026-09-15 10:19:32,787 [INFO] 📊 [BTC/USDT] شمعة مغلقة [2026-09-15 04:00:00+00:00] | Close: $76,930.01 | Fast EMA: 77725.55 | Slow EMA: 77717.70 | RSI: 42.5 | ATR: 776.81 | Daily Trend Up: True
2026-09-15 10:19:32,787 [INFO] [BTC/USDT] ✅ الدورة مكتملة.
2026-09-15 10:19:32,787 [INFO] 🔍 فحص ETH/USDT...
2026-09-15 10:19:33,029 [INFO] 📊 [ETH/USDT] شمعة مغلقة [2026-09-15 04:00:00+00:00] | Close: $2,474.30 | Fast EMA: 2503.28 | Slow EMA: 2502.08 | RSI: 43.8 | ATR: 37.40 | Daily Trend Up: True
2026-09-15 10:19:33,029 [INFO] [ETH/USDT] ✅ الدورة مكتملة.
2026-09-15 10:19:33,029 [INFO] ✅ انتهت جميع الدورات.
2026-09-15 15:11:30,266 [INFO] ============================================================
2026-09-15 15:11:30,266 [INFO] 🤖 GitHub Actions — بدء الدورة لكل الأزواج
2026-09-15 15:11:30,266 [INFO] ============================================================
2026-09-15 15:11:30,266 [INFO] 🔍 فحص BTC/USDT...
2026-09-15 15:11:32,240 [INFO] 📊 [BTC/USDT] شمعة مغلقة [2026-09-15 08:00:00+00:00] | Close: $76,940.01 | Fast EMA: 77550.98 | Slow EMA: 77667.53 | RSI: 42.6 | ATR: 758.45 | Daily Trend Up: True
2026-09-15 15:11:32,240 [INFO] [BTC/USDT] ✅ الدورة مكتملة.
2026-09-15 15:11:32,241 [INFO] 🔍 فحص ETH/USDT...
2026-09-15 15:11:32,502 [INFO] 📊 [ETH/USDT] شمعة مغلقة [2026-09-15 08:00:00+00:00] | Close: $2,476.41 | Fast EMA: 2497.31 | Slow EMA: 2500.43 | RSI: 44.3 | ATR: 36.34 | Daily Trend Up: True
2026-09-15 15:11:32,503 [INFO] [ETH/USDT] ✅ الدورة مكتملة.
2026-09-15 15:11:33,028 [INFO] 💓 [BTC/USDT] نبضة حياة (uptime: 0.0h)
2026-09-15 15:11:33,417 [INFO] 💓 [ETH/USDT] نبضة حياة (uptime: 0.0h)
2026-09-15 15:11:33,419 [INFO] ✅ انتهت جميع الدورات.
2026-09-15 19:02:18,521 [INFO] ============================================================
2026-09-15 19:02:18,521 [INFO] 🤖 GitHub Actions — بدء الدورة لكل الأزواج
2026-09-15 19:02:18,522 [INFO] ============================================================
2026-09-15 19:02:18,522 [INFO] 🔍 فحص BTC/USDT...
2026-09-15 19:02:20,746 [INFO] 📊 [BTC/USDT] شمعة مغلقة [2026-09-15 12:00:00+00:00] | Close: $76,512.00 | Fast EMA: 77320.10 | Slow EMA: 77592.98 | RSI: 39.1 | ATR: 814.14 | Daily Trend Up: True
2026-09-15 19:02:20,747 [INFO] [BTC/USDT] ✅ الدورة مكتملة.
2026-09-15 19:02:20,747 [INFO] 🔍 فحص ETH/USDT...
2026-09-15 19:02:21,064 [INFO] 📊 [ETH/USDT] شمعة مغلقة [2026-09-15 12:00:00+00:00] | Close: $2,424.46 | Fast EMA: 2481.12 | Slow EMA: 2495.53 | RSI: 35.8 | ATR: 40.65 | Daily Trend Up: True
2026-09-15 19:02:21,064 [INFO] [ETH/USDT] ✅ الدورة مكتملة.
2026-09-15 19:02:21,065 [INFO] ✅ انتهت جميع الدورات.
2026-09-15 22:14:50,575 [INFO] ============================================================
2026-09-15 22:14:50,575 [INFO] 🤖 GitHub Actions — بدء الدورة لكل الأزواج
2026-09-15 22:14:50,575 [INFO] ============================================================
2026-09-15 22:14:50,575 [INFO] 🔍 فحص BTC/USDT...
2026-09-15 22:14:52,407 [INFO] 📊 [BTC/USDT] شمعة مغلقة [2026-09-15 16:00:00+00:00] | Close: $76,186.48 | Fast EMA: 77068.18 | Slow EMA: 77502.24 | RSI: 36.6 | ATR: 925.67 | Daily Trend Up: True
2026-09-15 22:14:52,407 [INFO] [BTC/USDT] ✅ الدورة مكتملة.
2026-09-15 22:14:52,407 [INFO] 🔍 فحص ETH/USDT...
2026-09-15 22:14:52,709 [INFO] 📊 [ETH/USDT] شمعة مغلقة [2026-09-15 16:00:00+00:00] | Close: $2,416.65 | Fast EMA: 2466.79 | Slow EMA: 2490.44 | RSI: 34.7 | ATR: 44.18 | Daily Trend Up: True
2026-09-15 22:14:52,709 [INFO] [ETH/USDT] ✅ الدورة مكتملة.
2026-09-15 22:14:53,241 [INFO] 💓 [BTC/USDT] نبضة حياة (uptime: 0.0h)
2026-09-15 22:14:53,667 [INFO] 💓 [ETH/USDT] نبضة حياة (uptime: 0.0h)
2026-09-15 22:14:53,703 [INFO] ✅ انتهت جميع الدورات.
2026-09-16 00:28:45,039 [INFO] ============================================================
2026-09-16 00:28:45,039 [INFO] 🤖 GitHub Actions — بدء الدورة لكل الأزواج
2026-09-16 00:28:45,039 [INFO] ============================================================
2026-09-16 00:28:45,039 [INFO] 🔍 فحص BTC/USDT...
2026-09-16 00:28:46,824 [INFO] 📊 [BTC/USDT] شمعة مغلقة [2026-09-15 20:00:00+00:00] | Close: $75,644.48 | Fast EMA: 76751.80 | Slow EMA: 77382.38 | RSI: 32.8 | ATR: 938.50 | Daily Trend Up: True
2026-09-16 00:28:46,824 [INFO] [BTC/USDT] ✅ الدورة مكتملة.
2026-09-16 00:28:46,824 [INFO] 🔍 فحص ETH/USDT...
2026-09-16 00:28:47,062 [INFO] 📊 [ETH/USDT] شمعة مغلقة [2026-09-15 20:00:00+00:00] | Close: $2,398.26 | Fast EMA: 2451.56 | Slow EMA: 2484.49 | RSI: 32.3 | ATR: 43.66 | Daily Trend Up: True
2026-09-16 00:28:47,062 [INFO] [ETH/USDT] ✅ الدورة مكتملة.
2026-09-16 00:28:47,062 [INFO] ✅ انتهت جميع الدورات.
2026-09-16 05:08:51,266 [INFO] ============================================================
2026-09-16 05:08:51,266 [INFO] 🤖 GitHub Actions — بدء الدورة لكل الأزواج
2026-09-16 05:08:51,266 [INFO] ============================================================
2026-09-16 05:08:51,266 [INFO] 🔍 فحص BTC/USDT...
2026-09-16 05:08:53,183 [INFO] 📊 [BTC/USDT] شمعة مغلقة [2026-09-16 00:00:00+00:00] | Close: $75,824.01 | Fast EMA: 76545.63 | Slow EMA: 77281.84 | RSI: 35.2 | ATR: 918.14 | Daily Trend Up: False
2026-09-16 05:08:53,183 [INFO] [BTC/USDT] ✅ الدورة مكتملة.
2026-09-16 05:08:53,183 [INFO] 🔍 فحص ETH/USDT...
2026-09-16 05:08:53,419 [INFO] 📊 [ETH/USDT] شمعة مغلقة [2026-09-16 00:00:00+00:00] | Close: $2,401.96 | Fast EMA: 2440.54 | Slow EMA: 2479.17 | RSI: 33.3 | ATR: 42.21 | Daily Trend Up: False
2026-09-16 05:08:53,419 [INFO] [ETH/USDT] ✅ الدورة مكتملة.
2026-09-16 05:08:54,013 [INFO] 💓 [BTC/USDT] نبضة حياة (uptime: 0.0h)
2026-09-16 05:08:54,494 [INFO] 💓 [ETH/USDT] نبضة حياة (uptime: 0.0h)
2026-09-16 05:08:54,495 [INFO] ✅ انتهت جميع الدورات.
2026-09-16 09:58:31,167 [INFO] ============================================================
2026-09-16 09:58:31,167 [INFO] 🤖 GitHub Actions — بدء الدورة لكل الأزواج
2026-09-16 09:58:31,167 [INFO] ============================================================
2026-09-16 09:58:31,167 [INFO] 🔍 فحص BTC/USDT...
2026-09-16 09:58:33,583 [INFO] 📊 [BTC/USDT] شمعة مغلقة [2026-09-16 04:00:00+00:00] | Close: $75,766.63 | Fast EMA: 76372.52 | Slow EMA: 77184.08 | RSI: 34.8 | ATR: 882.55 | Daily Trend Up: False
2026-09-16 09:58:33,583 [INFO] [BTC/USDT] ✅ الدورة مكتملة.
2026-09-16 09:58:33,583 [INFO] 🔍 فحص ETH/USDT...
2026-09-16 09:58:33,869 [INFO] 📊 [ETH/USDT] شمعة مغلقة [2026-09-16 04:00:00+00:00] | Close: $2,396.96 | Fast EMA: 2430.86 | Slow EMA: 2473.86 | RSI: 32.6 | ATR: 40.45 | Daily Trend Up: False
2026-09-16 09:58:33,869 [INFO] [ETH/USDT] ✅ الدورة مكتملة.
2026-09-16 09:58:33,869 [INFO] ✅ انتهت جميع الدورات.
2026-09-16 14:48:55,309 [INFO] ============================================================
2026-09-16 14:48:55,310 [INFO] 🤖 GitHub Actions — بدء الدورة لكل الأزواج
2026-09-16 14:48:55,310 [INFO] ============================================================
2026-09-16 14:48:55,310 [INFO] 🔍 فحص BTC/USDT...
2026-09-16 14:48:57,403 [INFO] 📊 [BTC/USDT] شمعة مغلقة [2026-09-16 08:00:00+00:00] | Close: $76,250.00 | Fast EMA: 76345.29 | Slow EMA: 77123.82 | RSI: 41.2 | ATR: 887.66 | Daily Trend Up: False
2026-09-16 14:48:57,403 [INFO] [BTC/USDT] ✅ الدورة مكتملة.
2026-09-16 14:48:57,403 [INFO] 🔍 فحص ETH/USDT...
2026-09-16 14:48:57,695 [INFO] 📊 [ETH/USDT] شمعة مغلقة [2026-09-16 08:00:00+00:00] | Close: $2,422.61 | Fast EMA: 2429.02 | Slow EMA: 2470.56 | RSI: 39.8 | ATR: 40.94 | Daily Trend Up: False
2026-09-16 14:48:57,695 [INFO] [ETH/USDT] ✅ الدورة مكتملة.
2026-09-16 14:48:58,140 [INFO] 💓 [BTC/USDT] نبضة حياة (uptime: 0.0h)
2026-09-16 14:48:58,506 [INFO] 💓 [ETH/USDT] نبضة حياة (uptime: 0.0h)
2026-09-16 14:48:58,506 [INFO] ✅ انتهت جميع الدورات.
2026-09-16 18:45:30,599 [INFO] ============================================================
2026-09-16 18:45:30,599 [INFO] 🤖 GitHub Actions — بدء الدورة لكل الأزواج
2026-09-16 18:45:30,599 [INFO] ============================================================
2026-09-16 18:45:30,599 [INFO] 🔍 فحص BTC/USDT...
2026-09-16 18:45:32,880 [INFO] 📊 [BTC/USDT] شمعة مغلقة [2026-09-16 12:00:00+00:00] | Close: $75,788.41 | Fast EMA: 76221.54 | Slow EMA: 77037.67 | RSI: 37.4 | ATR: 886.89 | Daily Trend Up: False
2026-09-16 18:45:32,880 [INFO] [BTC/USDT] ✅ الدورة مكتملة.
2026-09-16 18:45:32,880 [INFO] 🔍 فحص ETH/USDT...
2026-09-16 18:45:33,174 [INFO] 📊 [ETH/USDT] شمعة مغلقة [2026-09-16 12:00:00+00:00] | Close: $2,392.76 | Fast EMA: 2420.96 | Slow EMA: 2465.54 | RSI: 35.1 | ATR: 41.22 | Daily Trend Up: False
2026-09-16 18:45:33,174 [INFO] [ETH/USDT] ✅ الدورة مكتملة.
2026-09-16 18:45:33,174 [INFO] ✅ انتهت جميع الدورات.
2026-09-16 21:57:47,056 [INFO] ============================================================
2026-09-16 21:57:47,057 [INFO] 🤖 GitHub Actions — بدء الدورة لكل الأزواج
2026-09-16 21:57:47,057 [INFO] ============================================================
2026-09-16 21:57:47,057 [INFO] 🔍 فحص BTC/USDT...
2026-09-16 21:57:49,178 [INFO] 📊 [BTC/USDT] شمعة مغلقة [2026-09-16 16:00:00+00:00] | Close: $76,080.00 | Fast EMA: 76190.09 | Slow EMA: 76975.88 | RSI: 41.1 | ATR: 930.40 | Daily Trend Up: False
2026-09-16 21:57:49,178 [INFO] [BTC/USDT] ✅ الدورة مكتملة.
2026-09-16 21:57:49,178 [INFO] 🔍 فحص ETH/USDT...
2026-09-16 21:57:49,465 [INFO] 📊 [ETH/USDT] شمعة مغلقة [2026-09-16 16:00:00+00:00] | Close: $2,408.60 | Fast EMA: 2418.22 | Slow EMA: 2461.86 | RSI: 39.2 | ATR: 42.68 | Daily Trend Up: False
2026-09-16 21:57:49,466 [INFO] [ETH/USDT] ✅ الدورة مكتملة.
2026-09-16 21:57:49,929 [INFO] 💓 [BTC/USDT] نبضة حياة (uptime: 0.0h)
2026-09-16 21:57:50,287 [INFO] 💓 [ETH/USDT] نبضة حياة (uptime: 0.0h)
2026-09-16 21:57:50,287 [INFO] ✅ انتهت جميع الدورات.
2026-09-17 00:18:29,317 [INFO] ============================================================
2026-09-17 00:18:29,317 [INFO] 🤖 GitHub Actions — بدء الدورة لكل الأزواج
2026-09-17 00:18:29,317 [INFO] ============================================================
2026-09-17 00:18:29,317 [INFO] 🔍 فحص BTC/USDT...
2026-09-17 00:18:31,218 [INFO] 📊 [BTC/USDT] شمعة مغلقة [2026-09-16 20:00:00+00:00] | Close: $76,206.01 | Fast EMA: 76193.63 | Slow EMA: 76926.21 | RSI: 42.6 | ATR: 920.32 | Daily Trend Up: False
2026-09-17 00:18:31,218 [INFO] [BTC/USDT] ✅ الدورة مكتملة.
2026-09-17 00:18:31,218 [INFO] 🔍 فحص ETH/USDT...
2026-09-17 00:18:31,480 [INFO] 📊 [ETH/USDT] شمعة مغلقة [2026-09-16 20:00:00+00:00] | Close: $2,418.26 | Fast EMA: 2418.23 | Slow EMA: 2459.05 | RSI: 41.6 | ATR: 42.06 | Daily Trend Up: False
2026-09-17 00:18:31,480 [INFO] [ETH/USDT] ✅ الدورة مكتملة.
2026-09-17 00:18:31,481 [INFO] ✅ انتهت جميع الدورات.
2026-09-17 05:09:04,830 [INFO] ============================================================
2026-09-17 05:09:04,830 [INFO] 🤖 GitHub Actions — بدء الدورة لكل الأزواج
2026-09-17 05:09:04,830 [INFO] ============================================================
2026-09-17 05:09:04,830 [INFO] 🔍 فحص BTC/USDT...
2026-09-17 05:09:07,257 [INFO] 📊 [BTC/USDT] شمعة مغلقة [2026-09-17 00:00:00+00:00] | Close: $76,441.99 | Fast EMA: 76248.82 | Slow EMA: 76894.97 | RSI: 45.6 | ATR: 905.92 | Daily Trend Up: False
2026-09-17 05:09:07,258 [INFO] [BTC/USDT] ✅ الدورة مكتملة.
2026-09-17 05:09:07,258 [INFO] 🔍 فحص ETH/USDT...
2026-09-17 05:09:07,617 [INFO] 📊 [ETH/USDT] شمعة مغلقة [2026-09-17 00:00:00+00:00] | Close: $2,436.06 | Fast EMA: 2422.19 | Slow EMA: 2457.57 | RSI: 45.9 | ATR: 41.33 | Daily Trend Up: False
2026-09-17 05:09:07,618 [INFO] [ETH/USDT] ✅ الدورة مكتملة.
2026-09-17 05:09:07,984 [INFO] 💓 [BTC/USDT] نبضة حياة (uptime: 0.0h)
2026-09-17 05:09:08,277 [INFO] 💓 [ETH/USDT] نبضة حياة (uptime: 0.0h)
2026-09-17 05:09:08,277 [INFO] ✅ انتهت جميع الدورات.
2026-09-17 10:00:38,642 [INFO] ============================================================
2026-09-17 10:00:38,642 [INFO] 🤖 GitHub Actions — بدء الدورة لكل الأزواج
2026-09-17 10:00:38,642 [INFO] ============================================================
2026-09-17 10:00:38,642 [INFO] 🔍 فحص BTC/USDT...
2026-09-17 10:00:40,966 [INFO] 📊 [BTC/USDT] شمعة مغلقة [2026-09-17 04:00:00+00:00] | Close: $76,462.76 | Fast EMA: 76296.36 | Slow EMA: 76867.09 | RSI: 45.8 | ATR: 876.57 | Daily Trend Up: False
2026-09-17 10:00:40,966 [INFO] [BTC/USDT] ✅ الدورة مكتملة.
2026-09-17 10:00:40,966 [INFO] 🔍 فحص ETH/USDT...
2026-09-17 10:00:41,231 [INFO] 📊 [ETH/USDT] شمعة مغلقة [2026-09-17 04:00:00+00:00] | Close: $2,444.37 | Fast EMA: 2427.12 | Slow EMA: 2456.72 | RSI: 47.8 | ATR: 40.47 | Daily Trend Up: False
2026-09-17 10:00:41,231 [INFO] [ETH/USDT] ✅ الدورة مكتملة.
2026-09-17 10:00:41,231 [INFO] ✅ انتهت جميع الدورات.
2026-09-17 15:01:52,888 [INFO] ============================================================
2026-09-17 15:01:52,888 [INFO] 🤖 GitHub Actions — بدء الدورة لكل الأزواج
2026-09-17 15:01:52,888 [INFO] ============================================================
2026-09-17 15:01:52,888 [INFO] 🔍 فحص BTC/USDT...
2026-09-17 15:01:55,065 [INFO] 📊 [BTC/USDT] شمعة مغلقة [2026-09-17 08:00:00+00:00] | Close: $76,482.00 | Fast EMA: 76337.61 | Slow EMA: 76842.24 | RSI: 46.1 | ATR: 856.17 | Daily Trend Up: False
2026-09-17 15:01:55,065 [INFO] [BTC/USDT] ✅ الدورة مكتملة.
2026-09-17 15:01:55,065 [INFO] 🔍 فحص ETH/USDT...
2026-09-17 15:01:55,338 [INFO] 📊 [ETH/USDT] شمعة مغلقة [2026-09-17 08:00:00+00:00] | Close: $2,442.61 | Fast EMA: 2430.56 | Slow EMA: 2455.81 | RSI: 47.4 | ATR: 39.11 | Daily Trend Up: False
2026-09-17 15:01:55,339 [INFO] [ETH/USDT] ✅ الدورة مكتملة.
2026-09-17 15:01:55,858 [INFO] 💓 [BTC/USDT] نبضة حياة (uptime: 0.0h)
2026-09-17 15:01:56,259 [INFO] 💓 [ETH/USDT] نبضة حياة (uptime: 0.0h)
2026-09-17 15:01:56,259 [INFO] ✅ انتهت جميع الدورات.
2026-09-17 19:03:26,656 [INFO] ============================================================
2026-09-17 19:03:26,656 [INFO] 🤖 GitHub Actions — بدء الدورة لكل الأزواج
2026-09-17 19:03:26,656 [INFO] ============================================================
2026-09-17 19:03:26,656 [INFO] 🔍 فحص BTC/USDT...
2026-09-17 19:03:29,030 [INFO] 📊 [BTC/USDT] شمعة مغلقة [2026-09-17 12:00:00+00:00] | Close: $76,780.01 | Fast EMA: 76435.92 | Slow EMA: 76838.23 | RSI: 50.1 | ATR: 879.26 | Daily Trend Up: False
2026-09-17 19:03:29,030 [INFO] [BTC/USDT] ✅ الدورة مكتملة.
2026-09-17 19:03:29,030 [INFO] 🔍 فحص ETH/USDT...
2026-09-17 19:03:29,292 [INFO] 📊 [ETH/USDT] شمعة مغلقة [2026-09-17 12:00:00+00:00] | Close: $2,470.27 | Fast EMA: 2439.39 | Slow EMA: 2456.74 | RSI: 53.7 | ATR: 39.95 | Daily Trend Up: False
2026-09-17 19:03:29,292 [INFO] [ETH/USDT] ✅ الدورة مكتملة.
2026-09-17 19:03:29,293 [INFO] ✅ انتهت جميع الدورات.
2026-09-17 22:11:16,153 [INFO] ============================================================
2026-09-17 22:11:16,153 [INFO] 🤖 GitHub Actions — بدء الدورة لكل الأزواج
2026-09-17 22:11:16,153 [INFO] ============================================================
2026-09-17 22:11:16,153 [INFO] 🔍 فحص BTC/USDT...
2026-09-17 22:11:18,217 [INFO] 📊 [BTC/USDT] شمعة مغلقة [2026-09-17 16:00:00+00:00] | Close: $76,594.01 | Fast EMA: 76471.05 | Slow EMA: 76822.47 | RSI: 47.7 | ATR: 852.15 | Daily Trend Up: False
2026-09-17 22:11:18,218 [INFO] [BTC/USDT] ✅ الدورة مكتملة.
2026-09-17 22:11:18,218 [INFO] 🔍 فحص ETH/USDT...
2026-09-17 22:11:18,480 [INFO] 📊 [ETH/USDT] شمعة مغلقة [2026-09-17 16:00:00+00:00] | Close: $2,448.95 | Fast EMA: 2441.51 | Slow EMA: 2456.24 | RSI: 48.8 | ATR: 39.38 | Daily Trend Up: False
2026-09-17 22:11:18,480 [INFO] [ETH/USDT] ✅ الدورة مكتملة.
2026-09-17 22:11:19,017 [INFO] 💓 [BTC/USDT] نبضة حياة (uptime: 0.0h)
2026-09-17 22:11:19,394 [INFO] 💓 [ETH/USDT] نبضة حياة (uptime: 0.0h)
2026-09-17 22:11:19,394 [INFO] ✅ انتهت جميع الدورات.
2026-09-18 00:22:32,466 [INFO] ============================================================
2026-09-18 00:22:32,466 [INFO] 🤖 GitHub Actions — بدء الدورة لكل الأزواج
2026-09-18 00:22:32,466 [INFO] ============================================================
2026-09-18 00:22:32,466 [INFO] 🔍 فحص BTC/USDT...
2026-09-18 00:22:34,958 [INFO] 📊 [BTC/USDT] شمعة مغلقة [2026-09-17 20:00:00+00:00] | Close: $76,417.01 | Fast EMA: 76459.04 | Slow EMA: 76796.31 | RSI: 45.5 | ATR: 825.06 | Daily Trend Up: False
2026-09-18 00:22:34,958 [INFO] [BTC/USDT] ✅ الدورة مكتملة.
2026-09-18 00:22:34,958 [INFO] 🔍 فحص ETH/USDT...
2026-09-18 00:22:35,296 [INFO] 📊 [ETH/USDT] شمعة مغلقة [2026-09-17 20:00:00+00:00] | Close: $2,447.28 | Fast EMA: 2442.79 | Slow EMA: 2455.66 | RSI: 48.5 | ATR: 38.18 | Daily Trend Up: False
2026-09-18 00:22:35,296 [INFO] [ETH/USDT] ✅ الدورة مكتملة.
2026-09-18 00:22:35,297 [INFO] ✅ انتهت جميع الدورات.
2026-09-18 05:02:33,440 [INFO] ============================================================
2026-09-18 05:02:33,440 [INFO] 🤖 GitHub Actions — بدء الدورة لكل الأزواج
2026-09-18 05:02:33,440 [INFO] ============================================================
2026-09-18 05:02:33,440 [INFO] 🔍 فحص BTC/USDT...
2026-09-18 05:02:35,177 [INFO] 📊 [BTC/USDT] شمعة مغلقة [2026-09-18 00:00:00+00:00] | Close: $77,383.47 | Fast EMA: 76664.47 | Slow EMA: 76834.19 | RSI: 57.1 | ATR: 859.12 | Daily Trend Up: False
2026-09-18 05:02:35,177 [INFO] [BTC/USDT] ✅ الدورة مكتملة.
2026-09-18 05:02:35,177 [INFO] 🔍 فحص ETH/USDT...
2026-09-18 05:02:35,419 [INFO] 📊 [ETH/USDT] شمعة مغلقة [2026-09-18 00:00:00+00:00] | Close: $2,479.44 | Fast EMA: 2450.94 | Slow EMA: 2457.19 | RSI: 55.5 | ATR: 38.95 | Daily Trend Up: True
2026-09-18 05:02:35,419 [INFO] [ETH/USDT] ✅ الدورة مكتملة.
2026-09-18 05:02:35,962 [INFO] 💓 [BTC/USDT] نبضة حياة (uptime: 0.0h)
2026-09-18 05:02:36,386 [INFO] 💓 [ETH/USDT] نبضة حياة (uptime: 0.0h)
2026-09-18 05:02:36,386 [INFO] ✅ انتهت جميع الدورات.
2026-09-18 09:47:36,777 [INFO] ============================================================
2026-09-18 09:47:36,777 [INFO] 🤖 GitHub Actions — بدء الدورة لكل الأزواج
2026-09-18 09:47:36,777 [INFO] ============================================================
2026-09-18 09:47:36,777 [INFO] 🔍 فحص BTC/USDT...
2026-09-18 09:47:38,917 [INFO] 📊 [BTC/USDT] شمعة مغلقة [2026-09-18 04:00:00+00:00] | Close: $77,798.01 | Fast EMA: 76916.37 | Slow EMA: 76896.38 | RSI: 61.0 | ATR: 842.99 | Daily Trend Up: False
2026-09-18 09:47:38,918 [INFO] [BTC/USDT] ✅ الدورة مكتملة.
2026-09-18 09:47:38,918 [INFO] 🔍 فحص ETH/USDT...
2026-09-18 09:47:39,156 [INFO] 📊 [ETH/USDT] شمعة مغلقة [2026-09-18 04:00:00+00:00] | Close: $2,490.00 | Fast EMA: 2459.62 | Slow EMA: 2459.31 | RSI: 57.5 | ATR: 38.22 | Daily Trend Up: True
2026-09-18 09:47:39,861 [INFO] 🚀 [ETH/USDT] فتح صفقة @ $2,510.25
2026-09-18 09:47:39,861 [INFO] [ETH/USDT] ✅ الدورة مكتملة.
2026-09-18 09:47:39,861 [INFO] ✅ انتهت جميع الدورات.
2026-09-18 14:13:34,315 [INFO] ============================================================
2026-09-18 14:13:34,315 [INFO] 🤖 GitHub Actions — بدء الدورة لكل الأزواج
2026-09-18 14:13:34,315 [INFO] ============================================================
2026-09-18 14:13:34,315 [INFO] 🔍 فحص BTC/USDT...
2026-09-18 14:13:36,563 [INFO] 📊 [BTC/USDT] شمعة مغلقة [2026-09-18 08:00:00+00:00] | Close: $78,062.00 | Fast EMA: 77170.95 | Slow EMA: 76971.58 | RSI: 63.2 | ATR: 842.11 | Daily Trend Up: False
2026-09-18 14:13:36,563 [INFO] [BTC/USDT] ✅ الدورة مكتملة.
2026-09-18 14:13:36,563 [INFO] 🔍 فحص ETH/USDT...
2026-09-18 14:13:37,024 [INFO] 📊 [ETH/USDT] شمعة مغلقة [2026-09-18 08:00:00+00:00] | Close: $2,508.12 | Fast EMA: 2470.40 | Slow EMA: 2462.46 | RSI: 60.8 | ATR: 38.06 | Daily Trend Up: True
2026-09-18 14:13:37,025 [INFO] [ETH/USDT] ✅ الدورة مكتملة.
2026-09-18 14:13:37,448 [INFO] 💓 [BTC/USDT] نبضة حياة (uptime: 0.0h)
2026-09-18 14:13:37,793 [INFO] 💓 [ETH/USDT] نبضة حياة (uptime: 0.0h)
2026-09-18 14:13:37,794 [INFO] ✅ انتهت جميع الدورات.
2026-09-18 17:43:43,974 [INFO] ============================================================
2026-09-18 17:43:43,974 [INFO] 🤖 GitHub Actions — بدء الدورة لكل الأزواج
2026-09-18 17:43:43,974 [INFO] ============================================================
2026-09-18 17:43:43,974 [INFO] 🔍 فحص BTC/USDT...
2026-09-18 17:43:46,152 [INFO] 📊 [BTC/USDT] شمعة مغلقة [2026-09-18 12:00:00+00:00] | Close: $80,725.60 | Fast EMA: 77960.88 | Slow EMA: 77213.77 | RSI: 77.4 | ATR: 1009.28 | Daily Trend Up: False
2026-09-18 17:43:46,152 [INFO] [BTC/USDT] ✅ الدورة مكتملة.
2026-09-18 17:43:46,152 [INFO] 🔍 فحص ETH/USDT...
2026-09-18 17:43:46,580 [INFO] 📊 [ETH/USDT] شمعة مغلقة [2026-09-18 12:00:00+00:00] | Close: $2,584.06 | Fast EMA: 2495.65 | Slow EMA: 2470.30 | RSI: 71.0 | ATR: 42.72 | Daily Trend Up: True
2026-09-18 17:43:46,580 [INFO] [ETH/USDT] ✅ الدورة مكتملة.
2026-09-18 17:43:46,581 [INFO] ✅ انتهت جميع الدورات.
2026-09-18 19:59:41,468 [INFO] ============================================================
2026-09-18 19:59:41,468 [INFO] 🤖 GitHub Actions — بدء الدورة لكل الأزواج
2026-09-18 19:59:41,468 [INFO] ============================================================
2026-09-18 19:59:41,469 [INFO] 🔍 فحص BTC/USDT...
2026-09-18 19:59:43,908 [INFO] [BTC/USDT] ✅ الدورة مكتملة.
2026-09-18 19:59:43,908 [INFO] 🔍 فحص ETH/USDT...
2026-09-18 19:59:44,408 [INFO] [ETH/USDT] ✅ الدورة مكتملة.
2026-09-18 19:59:44,409 [INFO] ✅ انتهت جميع الدورات.
2026-09-18 22:30:44,475 [INFO] ============================================================
2026-09-18 22:30:44,475 [INFO] 🤖 GitHub Actions — بدء الدورة لكل الأزواج
2026-09-18 22:30:44,475 [INFO] ============================================================
2026-09-18 22:30:44,475 [INFO] 🔍 فحص BTC/USDT...
2026-09-18 22:30:47,352 [INFO] 📊 [BTC/USDT] شمعة مغلقة [2026-09-18 16:00:00+00:00] | Close: $81,204.76 | Fast EMA: 78681.74 | Slow EMA: 77471.26 | RSI: 79.0 | ATR: 997.50 | Daily Trend Up: False
2026-09-18 22:30:47,352 [INFO] [BTC/USDT] ✅ الدورة مكتملة.
2026-09-18 22:30:47,352 [INFO] 🔍 فحص ETH/USDT...
2026-09-18 22:30:47,850 [INFO] 📊 [ETH/USDT] شمعة مغلقة [2026-09-18 16:00:00+00:00] | Close: $2,636.71 | Fast EMA: 2527.00 | Slow EMA: 2481.04 | RSI: 75.7 | ATR: 44.46 | Daily Trend Up: True
2026-09-18 22:30:47,850 [INFO] [ETH/USDT] ✅ الدورة مكتملة.
2026-09-18 22:30:48,247 [INFO] 💓 [BTC/USDT] نبضة حياة (uptime: 0.0h)
2026-09-18 22:30:48,534 [INFO] 💓 [ETH/USDT] نبضة حياة (uptime: 0.0h)
2026-09-18 22:30:48,535 [INFO] ✅ انتهت جميع الدورات.
2026-09-19 00:39:44,181 [INFO] ============================================================
2026-09-19 00:39:44,181 [INFO] 🤖 GitHub Actions — بدء الدورة لكل الأزواج
2026-09-19 00:39:44,181 [INFO] ============================================================
2026-09-19 00:39:44,181 [INFO] 🔍 فحص BTC/USDT...
2026-09-19 00:39:46,482 [INFO] 📊 [BTC/USDT] شمعة مغلقة [2026-09-18 20:00:00+00:00] | Close: $80,883.87 | Fast EMA: 79171.10 | Slow EMA: 77691.42 | RSI: 75.2 | ATR: 962.54 | Daily Trend Up: False
2026-09-19 00:39:46,482 [INFO] [BTC/USDT] ✅ الدورة مكتملة.
2026-09-19 00:39:46,482 [INFO] 🔍 فحص ETH/USDT...
2026-09-19 00:39:47,051 [INFO] 📊 [ETH/USDT] شمعة مغلقة [2026-09-18 20:00:00+00:00] | Close: $2,612.14 | Fast EMA: 2545.92 | Slow EMA: 2489.50 | RSI: 70.0 | ATR: 43.57 | Daily Trend Up: True
2026-09-19 00:39:47,052 [INFO] [ETH/USDT] ✅ الدورة مكتملة.
2026-09-19 00:39:47,052 [INFO] ✅ انتهت جميع الدورات.
2026-09-19 05:08:12,680 [INFO] ============================================================
2026-09-19 05:08:12,680 [INFO] 🤖 GitHub Actions — بدء الدورة لكل الأزواج
2026-09-19 05:08:12,680 [INFO] ============================================================
2026-09-19 05:08:12,680 [INFO] 🔍 فحص BTC/USDT...
2026-09-19 05:08:14,958 [INFO] 📊 [BTC/USDT] شمعة مغلقة [2026-09-19 00:00:00+00:00] | Close: $81,136.01 | Fast EMA: 79607.75 | Slow EMA: 77913.66 | RSI: 76.2 | ATR: 957.81 | Daily Trend Up: True
2026-09-19 05:08:14,958 [INFO] [BTC/USDT] ✅ الدورة مكتملة.
2026-09-19 05:08:14,959 [INFO] 🔍 فحص ETH/USDT...
2026-09-19 05:08:15,303 [INFO] 📊 [ETH/USDT] شمعة مغلقة [2026-09-19 00:00:00+00:00] | Close: $2,620.18 | Fast EMA: 2562.42 | Slow EMA: 2497.93 | RSI: 70.8 | ATR: 42.56 | Daily Trend Up: True
2026-09-19 05:08:15,304 [INFO] [ETH/USDT] ✅ الدورة مكتملة.
2026-09-19 05:08:15,933 [INFO] 💓 [BTC/USDT] نبضة حياة (uptime: 0.0h)
2026-09-19 05:08:16,420 [INFO] 💓 [ETH/USDT] نبضة حياة (uptime: 0.0h)
2026-09-19 05:08:16,421 [INFO] ✅ انتهت جميع الدورات.
2026-09-19 09:33:07,050 [INFO] ============================================================
2026-09-19 09:33:07,050 [INFO] 🤖 GitHub Actions — بدء الدورة لكل الأزواج
2026-09-19 09:33:07,050 [INFO] ============================================================
2026-09-19 09:33:07,050 [INFO] 🔍 فحص BTC/USDT...
2026-09-19 09:33:09,316 [INFO] 📊 [BTC/USDT] شمعة مغلقة [2026-09-19 04:00:00+00:00] | Close: $81,100.16 | Fast EMA: 79939.39 | Slow EMA: 78119.24 | RSI: 75.7 | ATR: 913.60 | Daily Trend Up: True
2026-09-19 09:33:09,316 [INFO] [BTC/USDT] ✅ الدورة مكتملة.
2026-09-19 09:33:09,316 [INFO] 🔍 فحص ETH/USDT...
2026-09-19 09:33:09,797 [INFO] 📊 [ETH/USDT] شمعة مغلقة [2026-09-19 04:00:00+00:00] | Close: $2,626.95 | Fast EMA: 2576.76 | Slow EMA: 2506.25 | RSI: 71.5 | ATR: 41.22 | Daily Trend Up: True
2026-09-19 09:33:09,797 [INFO] [ETH/USDT] ✅ الدورة مكتملة.
2026-09-19 09:33:09,798 [INFO] ✅ انتهت جميع الدورات.
2026-09-19 13:27:47,216 [INFO] ============================================================
2026-09-19 13:27:47,216 [INFO] 🤖 GitHub Actions — بدء الدورة لكل الأزواج
2026-09-19 13:27:47,216 [INFO] ============================================================
2026-09-19 13:27:47,216 [INFO] 🔍 فحص BTC/USDT...
2026-09-19 13:27:49,933 [INFO] 📊 [BTC/USDT] شمعة مغلقة [2026-09-19 08:00:00+00:00] | Close: $81,302.63 | Fast EMA: 80242.34 | Slow EMA: 78324.62 | RSI: 76.6 | ATR: 880.68 | Daily Trend Up: True
2026-09-19 13:27:49,933 [INFO] [BTC/USDT] ✅ الدورة مكتملة.
2026-09-19 13:27:49,933 [INFO] 🔍 فحص ETH/USDT...
2026-09-19 13:27:50,393 [INFO] 📊 [ETH/USDT] شمعة مغلقة [2026-09-19 08:00:00+00:00] | Close: $2,639.67 | Fast EMA: 2590.74 | Slow EMA: 2514.86 | RSI: 72.7 | ATR: 41.05 | Daily Trend Up: True
2026-09-19 13:27:50,393 [INFO] [ETH/USDT] ✅ الدورة مكتملة.
2026-09-19 13:27:50,804 [INFO] 💓 [BTC/USDT] نبضة حياة (uptime: 0.0h)
2026-09-19 13:27:51,148 [INFO] 💓 [ETH/USDT] نبضة حياة (uptime: 0.0h)
2026-09-19 13:27:51,148 [INFO] ✅ انتهت جميع الدورات.
2026-09-19 16:44:45,966 [INFO] ============================================================
2026-09-19 16:44:45,966 [INFO] 🤖 GitHub Actions — بدء الدورة لكل الأزواج
2026-09-19 16:44:45,967 [INFO] ============================================================
2026-09-19 16:44:45,967 [INFO] 🔍 فحص BTC/USDT...
2026-09-19 16:44:47,776 [INFO] 📊 [BTC/USDT] شمعة مغلقة [2026-09-19 12:00:00+00:00] | Close: $81,636.01 | Fast EMA: 80552.04 | Slow EMA: 78538.25 | RSI: 78.0 | ATR: 872.61 | Daily Trend Up: True
2026-09-19 16:44:47,776 [INFO] [BTC/USDT] ✅ الدورة مكتملة.
2026-09-19 16:44:47,777 [INFO] 🔍 فحص ETH/USDT...
2026-09-19 16:44:48,117 [INFO] 📊 [ETH/USDT] شمعة مغلقة [2026-09-19 12:00:00+00:00] | Close: $2,641.16 | Fast EMA: 2601.95 | Slow EMA: 2523.01 | RSI: 72.9 | ATR: 39.76 | Daily Trend Up: True
2026-09-19 16:44:48,118 [INFO] [ETH/USDT] ✅ الدورة مكتملة.
2026-09-19 16:44:48,118 [INFO] ✅ انتهت جميع الدورات.
2026-09-19 18:59:04,465 [INFO] ============================================================
2026-09-19 18:59:04,465 [INFO] 🤖 GitHub Actions — بدء الدورة لكل الأزواج
2026-09-19 18:59:04,465 [INFO] ============================================================
2026-09-19 18:59:04,465 [INFO] 🔍 فحص BTC/USDT...
2026-09-19 18:59:06,991 [INFO] [BTC/USDT] ✅ الدورة مكتملة.
2026-09-19 18:59:06,991 [INFO] 🔍 فحص ETH/USDT...
2026-09-19 18:59:07,453 [INFO] [ETH/USDT] ✅ الدورة مكتملة.
2026-09-19 18:59:07,453 [INFO] ✅ انتهت جميع الدورات.
2026-09-19 21:25:18,477 [INFO] ============================================================
2026-09-19 21:25:18,478 [INFO] 🤖 GitHub Actions — بدء الدورة لكل الأزواج
2026-09-19 21:25:18,478 [INFO] ============================================================
2026-09-19 21:25:18,478 [INFO] 🔍 فحص BTC/USDT...
2026-09-19 21:25:21,010 [INFO] 📊 [BTC/USDT] شمعة مغلقة [2026-09-19 16:00:00+00:00] | Close: $81,354.01 | Fast EMA: 80730.26 | Slow EMA: 78719.92 | RSI: 74.0 | ATR: 853.45 | Daily Trend Up: True
2026-09-19 21:25:21,010 [INFO] [BTC/USDT] ✅ الدورة مكتملة.
2026-09-19 21:25:21,010 [INFO] 🔍 فحص ETH/USDT...
2026-09-19 21:25:21,495 [INFO] 📊 [ETH/USDT] شمعة مغلقة [2026-09-19 16:00:00+00:00] | Close: $2,634.88 | Fast EMA: 2609.26 | Slow EMA: 2530.23 | RSI: 71.1 | ATR: 39.49 | Daily Trend Up: True
2026-09-19 21:25:21,496 [INFO] [ETH/USDT] ✅ الدورة مكتملة.
2026-09-19 21:25:21,903 [INFO] 💓 [BTC/USDT] نبضة حياة (uptime: 0.0h)
2026-09-19 21:25:22,206 [INFO] 💓 [ETH/USDT] نبضة حياة (uptime: 0.0h)
2026-09-19 21:25:22,206 [INFO] ✅ انتهت جميع الدورات.
2026-09-19 23:23:39,320 [INFO] ============================================================
2026-09-19 23:23:39,320 [INFO] 🤖 GitHub Actions — بدء الدورة لكل الأزواج
2026-09-19 23:23:39,320 [INFO] ============================================================
2026-09-19 23:23:39,320 [INFO] 🔍 فحص BTC/USDT...
2026-09-19 23:23:41,189 [INFO] [BTC/USDT] ✅ الدورة مكتملة.
2026-09-19 23:23:41,189 [INFO] 🔍 فحص ETH/USDT...
2026-09-19 23:23:41,542 [INFO] [ETH/USDT] ✅ الدورة مكتملة.
2026-09-19 23:23:41,543 [INFO] ✅ انتهت جميع الدورات.
2026-09-20 01:27:50,124 [INFO] ============================================================
2026-09-20 01:27:50,124 [INFO] 🤖 GitHub Actions — بدء الدورة لكل الأزواج
2026-09-20 01:27:50,124 [INFO] ============================================================
2026-09-20 01:27:50,124 [INFO] 🔍 فحص BTC/USDT...
2026-09-20 01:27:52,186 [INFO] 📊 [BTC/USDT] شمعة مغلقة [2026-09-19 20:00:00+00:00] | Close: $81,249.99 | Fast EMA: 80845.75 | Slow EMA: 78883.15 | RSI: 72.6 | ATR: 830.11 | Daily Trend Up: True
2026-09-20 01:27:52,186 [INFO] [BTC/USDT] ✅ الدورة مكتملة.
2026-09-20 01:27:52,186 [INFO] 🔍 فحص ETH/USDT...
2026-09-20 01:27:52,570 [INFO] 📊 [ETH/USDT] شمعة مغلقة [2026-09-19 20:00:00+00:00] | Close: $2,632.69 | Fast EMA: 2614.47 | Slow EMA: 2536.84 | RSI: 70.4 | ATR: 38.30 | Daily Trend Up: True
2026-09-20 01:27:52,570 [INFO] [ETH/USDT] ✅ الدورة مكتملة.
2026-09-20 01:27:52,570 [INFO] ✅ انتهت جميع الدورات.
2026-09-20 06:52:37,596 [INFO] ============================================================
2026-09-20 06:52:37,596 [INFO] 🤖 GitHub Actions — بدء الدورة لكل الأزواج
2026-09-20 06:52:37,596 [INFO] ============================================================
2026-09-20 06:52:37,597 [INFO] 🔍 فحص BTC/USDT...
2026-09-20 06:52:39,378 [INFO] 📊 [BTC/USDT] شمعة مغلقة [2026-09-20 00:00:00+00:00] | Close: $80,486.38 | Fast EMA: 80765.89 | Slow EMA: 78986.58 | RSI: 62.9 | ATR: 856.81 | Daily Trend Up: True
2026-09-20 06:52:39,378 [INFO] [BTC/USDT] ✅ الدورة مكتملة.
2026-09-20 06:52:39,378 [INFO] 🔍 فحص ETH/USDT...
2026-09-20 06:52:39,722 [INFO] 📊 [ETH/USDT] شمعة مغلقة [2026-09-20 00:00:00+00:00] | Close: $2,588.03 | Fast EMA: 2608.59 | Slow EMA: 2540.14 | RSI: 58.6 | ATR: 40.46 | Daily Trend Up: True
2026-09-20 06:52:39,722 [INFO] [ETH/USDT] ✅ الدورة مكتملة.
2026-09-20 06:52:40,306 [INFO] 💓 [BTC/USDT] نبضة حياة (uptime: 0.0h)
2026-09-20 06:52:40,786 [INFO] 💓 [ETH/USDT] نبضة حياة (uptime: 0.0h)
2026-09-20 06:52:40,787 [INFO] ✅ انتهت جميع الدورات.
2026-09-20 12:07:06,036 [INFO] ============================================================
2026-09-20 12:07:06,036 [INFO] 🤖 GitHub Actions — بدء الدورة لكل الأزواج
2026-09-20 12:07:06,036 [INFO] ============================================================
2026-09-20 12:07:06,036 [INFO] 🔍 فحص BTC/USDT...
2026-09-20 12:07:08,034 [INFO] 📊 [BTC/USDT] شمعة مغلقة [2026-09-20 08:00:00+00:00] | Close: $80,493.20 | Fast EMA: 80626.78 | Slow EMA: 79163.75 | RSI: 62.2 | ATR: 797.76 | Daily Trend Up: True
2026-09-20 12:07:08,034 [INFO] [BTC/USDT] ✅ الدورة مكتملة.
2026-09-20 12:07:08,034 [INFO] 🔍 فحص ETH/USDT...
2026-09-20 12:07:08,456 [INFO] 📊 [ETH/USDT] شمعة مغلقة [2026-09-20 08:00:00+00:00] | Close: $2,579.08 | Fast EMA: 2596.53 | Slow EMA: 2544.86 | RSI: 56.5 | ATR: 37.54 | Daily Trend Up: True
2026-09-20 12:07:08,456 [INFO] [ETH/USDT] ✅ الدورة مكتملة.
2026-09-20 12:07:08,456 [INFO] ✅ انتهت جميع الدورات.
2026-09-20 16:09:08,049 [INFO] ============================================================
2026-09-20 16:09:08,049 [INFO] 🤖 GitHub Actions — بدء الدورة لكل الأزواج
2026-09-20 16:09:08,049 [INFO] ============================================================
2026-09-20 16:09:08,049 [INFO] 🔍 فحص BTC/USDT...
2026-09-20 16:09:10,238 [INFO] 📊 [BTC/USDT] شمعة مغلقة [2026-09-20 12:00:00+00:00] | Close: $80,912.00 | Fast EMA: 80690.16 | Slow EMA: 79276.54 | RSI: 65.2 | ATR: 786.65 | Daily Trend Up: True
2026-09-20 16:09:10,239 [INFO] [BTC/USDT] ✅ الدورة مكتملة.
2026-09-20 16:09:10,239 [INFO] 🔍 فحص ETH/USDT...
2026-09-20 16:09:10,688 [INFO] 📊 [ETH/USDT] شمعة مغلقة [2026-09-20 12:00:00+00:00] | Close: $2,613.11 | Fast EMA: 2600.22 | Slow EMA: 2549.27 | RSI: 62.2 | ATR: 38.01 | Daily Trend Up: True
2026-09-20 16:09:10,689 [INFO] [ETH/USDT] ✅ الدورة مكتملة.
2026-09-20 16:09:11,380 [INFO] 💓 [BTC/USDT] نبضة حياة (uptime: 0.0h)
2026-09-20 16:09:11,785 [INFO] 💓 [ETH/USDT] نبضة حياة (uptime: 0.0h)
2026-09-20 16:09:11,786 [INFO] ✅ انتهت جميع الدورات.
2026-09-20 18:49:48,464 [INFO] ============================================================
2026-09-20 18:49:48,465 [INFO] 🤖 GitHub Actions — بدء الدورة لكل الأزواج
2026-09-20 18:49:48,465 [INFO] ============================================================
2026-09-20 18:49:48,465 [INFO] 🔍 فحص BTC/USDT...
2026-09-20 18:49:50,607 [INFO] [BTC/USDT] ✅ الدورة مكتملة.
2026-09-20 18:49:50,607 [INFO] 🔍 فحص ETH/USDT...
2026-09-20 18:49:51,034 [INFO] [ETH/USDT] ✅ الدورة مكتملة.
2026-09-20 18:49:51,034 [INFO] ✅ انتهت جميع الدورات.
2026-09-20 21:17:37,701 [INFO] ============================================================
2026-09-20 21:17:37,701 [INFO] 🤖 GitHub Actions — بدء الدورة لكل الأزواج
2026-09-20 21:17:37,701 [INFO] ============================================================
2026-09-20 21:17:37,701 [INFO] 🔍 فحص BTC/USDT...
2026-09-20 21:17:39,656 [INFO] 📊 [BTC/USDT] شمعة مغلقة [2026-09-20 16:00:00+00:00] | Close: $81,177.32 | Fast EMA: 80798.42 | Slow EMA: 79399.17 | RSI: 67.0 | ATR: 779.48 | Daily Trend Up: True
2026-09-20 21:17:39,656 [INFO] [BTC/USDT] ✅ الدورة مكتملة.
2026-09-20 21:17:39,656 [INFO] 🔍 فحص ETH/USDT...
2026-09-20 21:17:40,006 [INFO] 📊 [ETH/USDT] شمعة مغلقة [2026-09-20 16:00:00+00:00] | Close: $2,633.34 | Fast EMA: 2607.58 | Slow EMA: 2554.69 | RSI: 65.1 | ATR: 38.38 | Daily Trend Up: True
2026-09-20 21:17:40,006 [INFO] [ETH/USDT] ✅ الدورة مكتملة.
2026-09-20 21:17:40,006 [INFO] ✅ انتهت جميع الدورات.
2026-09-20 23:23:27,691 [INFO] ============================================================
2026-09-20 23:23:27,691 [INFO] 🤖 GitHub Actions — بدء الدورة لكل الأزواج
2026-09-20 23:23:27,691 [INFO] ============================================================
2026-09-20 23:23:27,691 [INFO] 🔍 فحص BTC/USDT...
2026-09-20 23:23:30,305 [INFO] [BTC/USDT] ✅ الدورة مكتملة.
2026-09-20 23:23:30,305 [INFO] 🔍 فحص ETH/USDT...
2026-09-20 23:23:30,805 [INFO] [ETH/USDT] ✅ الدورة مكتملة.
2026-09-20 23:23:31,170 [INFO] 💓 [BTC/USDT] نبضة حياة (uptime: 0.0h)
2026-09-20 23:23:31,505 [INFO] 💓 [ETH/USDT] نبضة حياة (uptime: 0.0h)
2026-09-20 23:23:31,505 [INFO] ✅ انتهت جميع الدورات.
2026-09-21 01:25:47,914 [INFO] ============================================================
2026-09-21 01:25:47,914 [INFO] 🤖 GitHub Actions — بدء الدورة لكل الأزواج
2026-09-21 01:25:47,914 [INFO] ============================================================
2026-09-21 01:25:47,914 [INFO] 🔍 فحص BTC/USDT...
2026-09-21 01:25:50,487 [INFO] 📊 [BTC/USDT] شمعة مغلقة [2026-09-20 20:00:00+00:00] | Close: $81,178.00 | Fast EMA: 80882.77 | Slow EMA: 79513.94 | RSI: 67.0 | ATR: 777.56 | Daily Trend Up: True
2026-09-21 01:25:50,487 [INFO] [BTC/USDT] ✅ الدورة مكتملة.
2026-09-21 01:25:50,487 [INFO] 🔍 فحص ETH/USDT...
2026-09-21 01:25:50,974 [INFO] 📊 [ETH/USDT] شمعة مغلقة [2026-09-20 20:00:00+00:00] | Close: $2,645.21 | Fast EMA: 2615.94 | Slow EMA: 2560.53 | RSI: 66.8 | ATR: 38.55 | Daily Trend Up: True
2026-09-21 01:25:50,974 [INFO] [ETH/USDT] ✅ الدورة مكتملة.
2026-09-21 01:25:50,974 [INFO] ✅ انتهت جميع الدورات.
2026-09-21 06:54:55,391 [INFO] ============================================================
2026-09-21 06:54:55,391 [INFO] 🤖 GitHub Actions — بدء الدورة لكل الأزواج
2026-09-21 06:54:55,391 [INFO] ============================================================
2026-09-21 06:54:55,391 [INFO] 🔍 فحص BTC/USDT...
2026-09-21 06:54:57,188 [INFO] 📊 [BTC/USDT] شمعة مغلقة [2026-09-21 00:00:00+00:00] | Close: $81,425.23 | Fast EMA: 81003.32 | Slow EMA: 79637.25 | RSI: 68.7 | ATR: 811.29 | Daily Trend Up: True
2026-09-21 06:54:57,188 [INFO] [BTC/USDT] ✅ الدورة مكتملة.
2026-09-21 06:54:57,188 [INFO] 🔍 فحص ETH/USDT...
2026-09-21 06:54:57,544 [INFO] 📊 [ETH/USDT] شمعة مغلقة [2026-09-21 00:00:00+00:00] | Close: $2,665.95 | Fast EMA: 2627.05 | Slow EMA: 2567.33 | RSI: 69.4 | ATR: 40.37 | Daily Trend Up: True
2026-09-21 06:54:57,545 [INFO] [ETH/USDT] ✅ الدورة مكتملة.
2026-09-21 06:54:58,214 [INFO] 💓 [BTC/USDT] نبضة حياة (uptime: 0.0h)
2026-09-21 06:54:58,644 [INFO] 💓 [ETH/USDT] نبضة حياة (uptime: 0.0h)
2026-09-21 06:54:58,644 [INFO] ✅ انتهت جميع الدورات.
2026-09-21 13:46:13,008 [INFO] ============================================================
2026-09-21 13:46:13,009 [INFO] 🤖 GitHub Actions — بدء الدورة لكل الأزواج
2026-09-21 13:46:13,009 [INFO] ============================================================
2026-09-21 13:46:13,009 [INFO] 🔍 فحص BTC/USDT...
2026-09-21 13:46:15,220 [INFO] 📊 [BTC/USDT] شمعة مغلقة [2026-09-21 08:00:00+00:00] | Close: $84,887.19 | Fast EMA: 81990.27 | Slow EMA: 80101.65 | RSI: 83.0 | ATR: 998.40 | Daily Trend Up: True
2026-09-21 13:46:15,220 [INFO] [BTC/USDT] ✅ الدورة مكتملة.
2026-09-21 13:46:15,220 [INFO] 🔍 فحص ETH/USDT...
2026-09-21 13:46:15,822 [INFO] 🚨 [ETH/USDT] إغلاق لحظي: TAKE PROFIT 🟢 (Live Hit) @ $2,699.43
2026-09-21 13:46:16,087 [INFO] 📊 [ETH/USDT] شمعة مغلقة [2026-09-21 08:00:00+00:00] | Close: $2,725.38 | Fast EMA: 2654.89 | Slow EMA: 2583.22 | RSI: 75.2 | ATR: 43.30 | Daily Trend Up: True
2026-09-21 13:46:16,087 [INFO] [ETH/USDT] ✅ الدورة مكتملة.
2026-09-21 13:46:16,487 [INFO] 💓 [BTC/USDT] نبضة حياة (uptime: 0.0h)
2026-09-21 13:46:16,885 [INFO] 💓 [ETH/USDT] نبضة حياة (uptime: 0.0h)
2026-09-21 13:46:16,885 [INFO] ✅ انتهت جميع الدورات.
2026-09-21 19:09:16,074 [INFO] ============================================================
2026-09-21 19:09:16,074 [INFO] 🤖 GitHub Actions — بدء الدورة لكل الأزواج
2026-09-21 19:09:16,074 [INFO] ============================================================
2026-09-21 19:09:16,074 [INFO] 🔍 فحص BTC/USDT...
2026-09-21 19:09:18,489 [INFO] 📊 [BTC/USDT] شمعة مغلقة [2026-09-21 12:00:00+00:00] | Close: $85,927.71 | Fast EMA: 82865.26 | Slow EMA: 80477.53 | RSI: 85.2 | ATR: 1039.00 | Daily Trend Up: True
2026-09-21 19:09:18,489 [INFO] [BTC/USDT] ✅ الدورة مكتملة.
2026-09-21 19:09:18,489 [INFO] 🔍 فحص ETH/USDT...
2026-09-21 19:09:18,726 [INFO] 📊 [ETH/USDT] شمعة مغلقة [2026-09-21 12:00:00+00:00] | Close: $2,755.27 | Fast EMA: 2677.19 | Slow EMA: 2594.32 | RSI: 77.7 | ATR: 44.01 | Daily Trend Up: True
2026-09-21 19:09:18,726 [INFO] [ETH/USDT] ✅ الدورة مكتملة.
2026-09-21 19:09:18,726 [INFO] ✅ انتهت جميع الدورات.
2026-09-21 22:35:47,090 [INFO] ============================================================
2026-09-21 22:35:47,090 [INFO] 🤖 GitHub Actions — بدء الدورة لكل الأزواج
2026-09-21 22:35:47,090 [INFO] ============================================================
2026-09-21 22:35:47,090 [INFO] 🔍 فحص BTC/USDT...
2026-09-21 22:35:49,091 [INFO] 📊 [BTC/USDT] شمعة مغلقة [2026-09-21 16:00:00+00:00] | Close: $86,490.11 | Fast EMA: 83670.78 | Slow EMA: 80865.44 | RSI: 86.3 | ATR: 1056.80 | Daily Trend Up: True
2026-09-21 22:35:49,091 [INFO] [BTC/USDT] ✅ الدورة مكتملة.
2026-09-21 22:35:49,091 [INFO] 🔍 فحص ETH/USDT...
2026-09-21 22:35:49,378 [INFO] 📊 [ETH/USDT] شمعة مغلقة [2026-09-21 16:00:00+00:00] | Close: $2,761.83 | Fast EMA: 2696.00 | Slow EMA: 2605.13 | RSI: 78.2 | ATR: 43.80 | Daily Trend Up: True
2026-09-21 22:35:49,378 [INFO] [ETH/USDT] ✅ الدورة مكتملة.
2026-09-21 22:35:49,839 [INFO] 💓 [BTC/USDT] نبضة حياة (uptime: 0.0h)
2026-09-21 22:35:50,213 [INFO] 💓 [ETH/USDT] نبضة حياة (uptime: 0.0h)
2026-09-21 22:35:50,213 [INFO] ✅ انتهت جميع الدورات.
2026-09-22 01:12:59,063 [INFO] ============================================================
2026-09-22 01:12:59,063 [INFO] 🤖 GitHub Actions — بدء الدورة لكل الأزواج
2026-09-22 01:12:59,063 [INFO] ============================================================
2026-09-22 01:12:59,063 [INFO] 🔍 فحص BTC/USDT...
2026-09-22 01:13:01,421 [INFO] 📊 [BTC/USDT] شمعة مغلقة [2026-09-21 20:00:00+00:00] | Close: $86,620.00 | Fast EMA: 84326.16 | Slow EMA: 81236.70 | RSI: 86.5 | ATR: 1059.88 | Daily Trend Up: True
2026-09-22 01:13:01,421 [INFO] [BTC/USDT] ✅ الدورة مكتملة.
2026-09-22 01:13:01,421 [INFO] 🔍 فحص ETH/USDT...
2026-09-22 01:13:01,732 [INFO] 📊 [ETH/USDT] شمعة مغلقة [2026-09-21 20:00:00+00:00] | Close: $2,776.19 | Fast EMA: 2713.82 | Slow EMA: 2616.16 | RSI: 79.4 | ATR: 43.93 | Daily Trend Up: True
2026-09-22 01:13:01,732 [INFO] [ETH/USDT] ✅ الدورة مكتملة.
2026-09-22 01:13:01,732 [INFO] ✅ انتهت جميع الدورات.
2026-09-22 06:19:20,246 [INFO] ============================================================
2026-09-22 06:19:20,246 [INFO] 🤖 GitHub Actions — بدء الدورة لكل الأزواج
2026-09-22 06:19:20,246 [INFO] ============================================================
2026-09-22 06:19:20,246 [INFO] 🔍 فحص BTC/USDT...
2026-09-22 06:19:22,296 [INFO] 📊 [BTC/USDT] شمعة مغلقة [2026-09-22 00:00:00+00:00] | Close: $85,692.83 | Fast EMA: 84629.87 | Slow EMA: 81524.19 | RSI: 76.4 | ATR: 1078.88 | Daily Trend Up: True
2026-09-22 06:19:22,296 [INFO] [BTC/USDT] ✅ الدورة مكتملة.
2026-09-22 06:19:22,296 [INFO] 🔍 فحص ETH/USDT...
2026-09-22 06:19:22,532 [INFO] 📊 [ETH/USDT] شمعة مغلقة [2026-09-22 00:00:00+00:00] | Close: $2,739.65 | Fast EMA: 2719.56 | Slow EMA: 2624.13 | RSI: 69.5 | ATR: 44.46 | Daily Trend Up: True
2026-09-22 06:19:22,532 [INFO] [ETH/USDT] ✅ الدورة مكتملة.
2026-09-22 06:19:23,083 [INFO] 💓 [BTC/USDT] نبضة حياة (uptime: 0.0h)
2026-09-22 06:19:23,569 [INFO] 💓 [ETH/USDT] نبضة حياة (uptime: 0.0h)
2026-09-22 06:19:23,570 [INFO] ✅ انتهت جميع الدورات.
2026-09-22 11:58:39,103 [INFO] ============================================================
2026-09-22 11:58:39,103 [INFO] 🤖 GitHub Actions — بدء الدورة لكل الأزواج
2026-09-22 11:58:39,104 [INFO] ============================================================
2026-09-22 11:58:39,104 [INFO] 🔍 فحص BTC/USDT...
2026-09-22 11:58:41,541 [INFO] 📊 [BTC/USDT] شمعة مغلقة [2026-09-22 04:00:00+00:00] | Close: $85,344.00 | Fast EMA: 84788.56 | Slow EMA: 81770.63 | RSI: 73.0 | ATR: 1045.83 | Daily Trend Up: True
2026-09-22 11:58:41,541 [INFO] [BTC/USDT] ✅ الدورة مكتملة.
2026-09-22 11:58:41,541 [INFO] 🔍 فحص ETH/USDT...
2026-09-22 11:58:41,878 [INFO] 📊 [ETH/USDT] شمعة مغلقة [2026-09-22 04:00:00+00:00] | Close: $2,726.34 | Fast EMA: 2721.07 | Slow EMA: 2630.72 | RSI: 66.3 | ATR: 43.24 | Daily Trend Up: True
2026-09-22 11:58:41,879 [INFO] [ETH/USDT] ✅ الدورة مكتملة.
2026-09-22 11:58:41,879 [INFO] ✅ انتهت جميع الدورات.
2026-09-22 16:48:48,503 [INFO] ============================================================
2026-09-22 16:48:48,503 [INFO] 🤖 GitHub Actions — بدء الدورة لكل الأزواج
2026-09-22 16:48:48,503 [INFO] ============================================================
2026-09-22 16:48:48,504 [INFO] 🔍 فحص BTC/USDT...
2026-09-22 16:48:50,380 [INFO] 📊 [BTC/USDT] شمعة مغلقة [2026-09-22 12:00:00+00:00] | Close: $86,413.12 | Fast EMA: 85356.65 | Slow EMA: 82324.60 | RSI: 76.6 | ATR: 1061.15 | Daily Trend Up: True
2026-09-22 16:48:50,380 [INFO] [BTC/USDT] ✅ الدورة مكتملة.
2026-09-22 16:48:50,380 [INFO] 🔍 فحص ETH/USDT...
2026-09-22 16:48:50,622 [INFO] 📊 [ETH/USDT] شمعة مغلقة [2026-09-22 12:00:00+00:00] | Close: $2,743.91 | Fast EMA: 2729.87 | Slow EMA: 2644.78 | RSI: 68.4 | ATR: 42.97 | Daily Trend Up: True
2026-09-22 16:48:50,622 [INFO] [ETH/USDT] ✅ الدورة مكتملة.
2026-09-22 16:48:51,167 [INFO] 💓 [BTC/USDT] نبضة حياة (uptime: 0.0h)
2026-09-22 16:48:51,595 [INFO] 💓 [ETH/USDT] نبضة حياة (uptime: 0.0h)
2026-09-22 16:48:51,595 [INFO] ✅ انتهت جميع الدورات.
2026-09-22 20:03:17,759 [INFO] ============================================================
2026-09-22 20:03:17,759 [INFO] 🤖 GitHub Actions — بدء الدورة لكل الأزواج
2026-09-22 20:03:17,759 [INFO] ============================================================
2026-09-22 20:03:17,759 [INFO] 🔍 فحص BTC/USDT...
2026-09-22 20:03:20,200 [INFO] 📊 [BTC/USDT] شمعة مغلقة [2026-09-22 16:00:00+00:00] | Close: $86,192.44 | Fast EMA: 85542.38 | Slow EMA: 82574.14 | RSI: 74.3 | ATR: 1030.12 | Daily Trend Up: True
2026-09-22 20:03:20,200 [INFO] [BTC/USDT] ✅ الدورة مكتملة.
2026-09-22 20:03:20,200 [INFO] 🔍 فحص ETH/USDT...
2026-09-22 20:03:20,545 [INFO] 📊 [ETH/USDT] شمعة مغلقة [2026-09-22 16:00:00+00:00] | Close: $2,751.74 | Fast EMA: 2734.73 | Slow EMA: 2651.68 | RSI: 69.4 | ATR: 42.35 | Daily Trend Up: True
2026-09-22 20:03:20,546 [INFO] [ETH/USDT] ✅ الدورة مكتملة.
2026-09-22 20:03:20,546 [INFO] ✅ انتهت جميع الدورات.
2026-09-22 22:58:09,574 [INFO] ============================================================
2026-09-22 22:58:09,574 [INFO] 🤖 GitHub Actions — بدء الدورة لكل الأزواج
2026-09-22 22:58:09,574 [INFO] ============================================================
2026-09-22 22:58:09,574 [INFO] 🔍 فحص BTC/USDT...
2026-09-22 22:58:11,977 [INFO] [BTC/USDT] ✅ الدورة مكتملة.
2026-09-22 22:58:11,977 [INFO] 🔍 فحص ETH/USDT...
2026-09-22 22:58:12,318 [INFO] [ETH/USDT] ✅ الدورة مكتملة.
2026-09-22 22:58:12,676 [INFO] 💓 [BTC/USDT] نبضة حياة (uptime: 0.0h)
2026-09-22 22:58:12,962 [INFO] 💓 [ETH/USDT] نبضة حياة (uptime: 0.0h)
2026-09-22 22:58:12,963 [INFO] ✅ انتهت جميع الدورات.
2026-09-23 01:25:04,034 [INFO] ============================================================
2026-09-23 01:25:04,034 [INFO] 🤖 GitHub Actions — بدء الدورة لكل الأزواج
2026-09-23 01:25:04,034 [INFO] ============================================================
2026-09-23 01:25:04,034 [INFO] 🔍 فحص BTC/USDT...
2026-09-23 01:25:06,484 [INFO] 📊 [BTC/USDT] شمعة مغلقة [2026-09-22 20:00:00+00:00] | Close: $86,208.56 | Fast EMA: 85690.42 | Slow EMA: 82808.61 | RSI: 74.3 | ATR: 992.56 | Daily Trend Up: True
2026-09-23 01:25:06,484 [INFO] [BTC/USDT] ✅ الدورة مكتملة.
2026-09-23 01:25:06,484 [INFO] 🔍 فحص ETH/USDT...
2026-09-23 01:25:06,826 [INFO] 📊 [ETH/USDT] شمعة مغلقة [2026-09-22 20:00:00+00:00] | Close: $2,753.63 | Fast EMA: 2738.93 | Slow EMA: 2658.26 | RSI: 69.6 | ATR: 42.14 | Daily Trend Up: True
2026-09-23 01:25:06,826 [INFO] [ETH/USDT] ✅ الدورة مكتملة.
2026-09-23 01:25:06,827 [INFO] ✅ انتهت جميع الدورات.
2026-09-23 06:28:03,229 [INFO] ============================================================
2026-09-23 06:28:03,229 [INFO] 🤖 GitHub Actions — بدء الدورة لكل الأزواج
2026-09-23 06:28:03,229 [INFO] ============================================================
2026-09-23 06:28:03,229 [INFO] 🔍 فحص BTC/USDT...
2026-09-23 06:28:05,615 [INFO] 📊 [BTC/USDT] شمعة مغلقة [2026-09-23 00:00:00+00:00] | Close: $86,704.27 | Fast EMA: 85915.72 | Slow EMA: 83059.95 | RSI: 76.2 | ATR: 981.81 | Daily Trend Up: True
2026-09-23 06:28:05,616 [INFO] [BTC/USDT] ✅ الدورة مكتملة.
2026-09-23 06:28:05,616 [INFO] 🔍 فحص ETH/USDT...
2026-09-23 06:28:05,980 [INFO] 📊 [ETH/USDT] شمعة مغلقة [2026-09-23 00:00:00+00:00] | Close: $2,774.01 | Fast EMA: 2746.72 | Slow EMA: 2665.73 | RSI: 72.2 | ATR: 41.88 | Daily Trend Up: True
2026-09-23 06:28:05,980 [INFO] [ETH/USDT] ✅ الدورة مكتملة.
2026-09-23 06:28:06,729 [INFO] 💓 [BTC/USDT] نبضة حياة (uptime: 0.0h)
2026-09-23 06:28:07,201 [INFO] 💓 [ETH/USDT] نبضة حياة (uptime: 0.0h)
2026-09-23 06:28:07,202 [INFO] ✅ انتهت جميع الدورات.
2026-09-23 12:02:20,787 [INFO] ============================================================
2026-09-23 12:02:20,787 [INFO] 🤖 GitHub Actions — بدء الدورة لكل الأزواج
2026-09-23 12:02:20,787 [INFO] ============================================================
2026-09-23 12:02:20,787 [INFO] 🔍 فحص BTC/USDT...
2026-09-23 12:02:23,317 [INFO] 📊 [BTC/USDT] شمعة مغلقة [2026-09-23 08:00:00+00:00] | Close: $85,649.95 | Fast EMA: 85892.79 | Slow EMA: 83412.02 | RSI: 65.0 | ATR: 989.44 | Daily Trend Up: True
2026-09-23 12:02:23,317 [INFO] [BTC/USDT] ✅ الدورة مكتملة.
2026-09-23 12:02:23,317 [INFO] 🔍 فحص ETH/USDT...
2026-09-23 12:02:23,606 [INFO] 📊 [ETH/USDT] شمعة مغلقة [2026-09-23 08:00:00+00:00] | Close: $2,727.96 | Fast EMA: 2741.90 | Slow EMA: 2674.40 | RSI: 59.6 | ATR: 42.08 | Daily Trend Up: True
2026-09-23 12:02:23,606 [INFO] [ETH/USDT] ✅ الدورة مكتملة.
2026-09-23 12:02:23,606 [INFO] ✅ انتهت جميع الدورات.
2026-09-23 17:03:15,071 [INFO] ============================================================
2026-09-23 17:03:15,071 [INFO] 🤖 GitHub Actions — بدء الدورة لكل الأزواج
2026-09-23 17:03:15,071 [INFO] ============================================================
2026-09-23 17:03:15,071 [INFO] 🔍 فحص BTC/USDT...
2026-09-23 17:03:17,702 [INFO] 📊 [BTC/USDT] شمعة مغلقة [2026-09-23 12:00:00+00:00] | Close: $83,996.01 | Fast EMA: 85471.28 | Slow EMA: 83449.70 | RSI: 51.7 | ATR: 1067.07 | Daily Trend Up: True
2026-09-23 17:03:17,702 [INFO] [BTC/USDT] ✅ الدورة مكتملة.
2026-09-23 17:03:17,702 [INFO] 🔍 فحص ETH/USDT...
2026-09-23 17:03:18,043 [INFO] 📊 [ETH/USDT] شمعة مغلقة [2026-09-23 12:00:00+00:00] | Close: $2,656.21 | Fast EMA: 2722.85 | Slow EMA: 2673.23 | RSI: 45.5 | ATR: 44.99 | Daily Trend Up: True
2026-09-23 17:03:18,043 [INFO] [ETH/USDT] ✅ الدورة مكتملة.
2026-09-23 17:03:18,491 [INFO] 💓 [BTC/USDT] نبضة حياة (uptime: 0.0h)
2026-09-23 17:03:18,950 [INFO] 💓 [ETH/USDT] نبضة حياة (uptime: 0.0h)
2026-09-23 17:03:18,951 [INFO] ✅ انتهت جميع الدورات.
2026-09-23 20:24:23,846 [INFO] ============================================================
2026-09-23 20:24:23,846 [INFO] 🤖 GitHub Actions — بدء الدورة لكل الأزواج
2026-09-23 20:24:23,846 [INFO] ============================================================
2026-09-23 20:24:23,846 [INFO] 🔍 فحص BTC/USDT...
2026-09-23 20:24:26,242 [INFO] 📊 [BTC/USDT] شمعة مغلقة [2026-09-23 16:00:00+00:00] | Close: $84,518.00 | Fast EMA: 85259.44 | Slow EMA: 83518.62 | RSI: 54.9 | ATR: 1066.94 | Daily Trend Up: True
2026-09-23 20:24:26,243 [INFO] [BTC/USDT] ✅ الدورة مكتملة.
2026-09-23 20:24:26,243 [INFO] 🔍 فحص ETH/USDT...
2026-09-23 20:24:26,581 [INFO] 📊 [ETH/USDT] شمعة مغلقة [2026-09-23 16:00:00+00:00] | Close: $2,678.97 | Fast EMA: 2713.10 | Slow EMA: 2673.60 | RSI: 49.6 | ATR: 45.01 | Daily Trend Up: True
2026-09-23 20:24:26,582 [INFO] [ETH/USDT] ✅ الدورة مكتملة.
2026-09-23 20:24:26,582 [INFO] ✅ انتهت جميع الدورات.
2026-09-23 23:04:11,845 [INFO] ============================================================
2026-09-23 23:04:11,845 [INFO] 🤖 GitHub Actions — بدء الدورة لكل الأزواج
2026-09-23 23:04:11,845 [INFO] ============================================================
2026-09-23 23:04:11,845 [INFO] 🔍 فحص BTC/USDT...
2026-09-23 23:04:14,144 [INFO] [BTC/USDT] ✅ الدورة مكتملة.
2026-09-23 23:04:14,144 [INFO] 🔍 فحص ETH/USDT...
2026-09-23 23:04:14,454 [INFO] [ETH/USDT] ✅ الدورة مكتملة.
2026-09-23 23:04:14,866 [INFO] 💓 [BTC/USDT] نبضة حياة (uptime: 0.0h)
2026-09-23 23:04:15,201 [INFO] 💓 [ETH/USDT] نبضة حياة (uptime: 0.0h)
2026-09-23 23:04:15,202 [INFO] ✅ انتهت جميع الدورات.
2026-09-24 01:26:04,479 [INFO] ============================================================
2026-09-24 01:26:04,479 [INFO] 🤖 GitHub Actions — بدء الدورة لكل الأزواج
2026-09-24 01:26:04,479 [INFO] ============================================================
2026-09-24 01:26:04,479 [INFO] 🔍 فحص BTC/USDT...
2026-09-24 01:26:06,913 [INFO] 📊 [BTC/USDT] شمعة مغلقة [2026-09-23 20:00:00+00:00] | Close: $84,397.60 | Fast EMA: 85067.92 | Slow EMA: 83575.33 | RSI: 54.0 | ATR: 1023.39 | Daily Trend Up: True
2026-09-24 01:26:06,913 [INFO] [BTC/USDT] ✅ الدورة مكتملة.
2026-09-24 01:26:06,913 [INFO] 🔍 فحص ETH/USDT...
2026-09-24 01:26:07,252 [INFO] 📊 [ETH/USDT] شمعة مغلقة [2026-09-23 20:00:00+00:00] | Close: $2,684.71 | Fast EMA: 2706.79 | Slow EMA: 2674.31 | RSI: 50.6 | ATR: 43.98 | Daily Trend Up: True
2026-09-24 01:26:07,253 [INFO] [ETH/USDT] ✅ الدورة مكتملة.
2026-09-24 01:26:07,253 [INFO] ✅ انتهت جميع الدورات.
2026-09-24 06:36:55,037 [INFO] ============================================================
2026-09-24 06:36:55,038 [INFO] 🤖 GitHub Actions — بدء الدورة لكل الأزواج
2026-09-24 06:36:55,038 [INFO] ============================================================
2026-09-24 06:36:55,038 [INFO] 🔍 فحص BTC/USDT...
2026-09-24 06:36:57,077 [INFO] 📊 [BTC/USDT] شمعة مغلقة [2026-09-24 00:00:00+00:00] | Close: $83,934.01 | Fast EMA: 84815.94 | Slow EMA: 83598.47 | RSI: 50.7 | ATR: 1003.85 | Daily Trend Up: True
2026-09-24 06:36:57,077 [INFO] [BTC/USDT] ✅ الدورة مكتملة.
2026-09-24 06:36:57,077 [INFO] 🔍 فحص ETH/USDT...
2026-09-24 06:36:57,311 [INFO] 📊 [ETH/USDT] شمعة مغلقة [2026-09-24 00:00:00+00:00] | Close: $2,676.76 | Fast EMA: 2700.12 | Slow EMA: 2674.47 | RSI: 49.1 | ATR: 42.86 | Daily Trend Up: True
2026-09-24 06:36:57,311 [INFO] [ETH/USDT] ✅ الدورة مكتملة.
2026-09-24 06:36:57,953 [INFO] 💓 [BTC/USDT] نبضة حياة (uptime: 0.0h)
2026-09-24 06:36:58,444 [INFO] 💓 [ETH/USDT] نبضة حياة (uptime: 0.0h)
2026-09-24 06:36:58,445 [INFO] ✅ انتهت جميع الدورات.
2026-09-24 12:15:31,199 [INFO] ============================================================
2026-09-24 12:15:31,199 [INFO] 🤖 GitHub Actions — بدء الدورة لكل الأزواج
2026-09-24 12:15:31,199 [INFO] ============================================================
2026-09-24 12:15:31,199 [INFO] 🔍 فحص BTC/USDT...
2026-09-24 12:15:33,061 [INFO] 📊 [BTC/USDT] شمعة مغلقة [2026-09-24 08:00:00+00:00] | Close: $83,494.58 | Fast EMA: 84471.85 | Slow EMA: 83647.63 | RSI: 47.5 | ATR: 1045.42 | Daily Trend Up: True
2026-09-24 12:15:33,061 [INFO] [BTC/USDT] ✅ الدورة مكتملة.
2026-09-24 12:15:33,061 [INFO] 🔍 فحص ETH/USDT...
2026-09-24 12:15:33,298 [INFO] 📊 [ETH/USDT] شمعة مغلقة [2026-09-24 08:00:00+00:00] | Close: $2,647.68 | Fast EMA: 2687.32 | Slow EMA: 2673.89 | RSI: 44.3 | ATR: 46.08 | Daily Trend Up: True
2026-09-24 12:15:33,298 [INFO] [ETH/USDT] ✅ الدورة مكتملة.
2026-09-24 12:15:33,298 [INFO] ✅ انتهت جميع الدورات.
2026-09-24 17:19:56,042 [INFO] ============================================================
2026-09-24 17:19:56,043 [INFO] 🤖 GitHub Actions — بدء الدورة لكل الأزواج
2026-09-24 17:19:56,043 [INFO] ============================================================
2026-09-24 17:19:56,043 [INFO] 🔍 فحص BTC/USDT...
2026-09-24 17:19:58,024 [INFO] 📊 [BTC/USDT] شمعة مغلقة [2026-09-24 12:00:00+00:00] | Close: $84,418.00 | Fast EMA: 84459.88 | Slow EMA: 83697.33 | RSI: 53.3 | ATR: 1084.73 | Daily Trend Up: True
2026-09-24 17:19:58,025 [INFO] [BTC/USDT] ✅ الدورة مكتملة.
2026-09-24 17:19:58,025 [INFO] 🔍 فحص ETH/USDT...
2026-09-24 17:19:58,288 [INFO] 📊 [ETH/USDT] شمعة مغلقة [2026-09-24 12:00:00+00:00] | Close: $2,683.58 | Fast EMA: 2686.49 | Slow EMA: 2674.52 | RSI: 50.6 | ATR: 47.10 | Daily Trend Up: True
2026-09-24 17:19:58,288 [INFO] [ETH/USDT] ✅ الدورة مكتملة.
2026-09-24 17:19:58,884 [INFO] 💓 [BTC/USDT] نبضة حياة (uptime: 0.0h)
2026-09-24 17:19:59,278 [INFO] 💓 [ETH/USDT] نبضة حياة (uptime: 0.0h)
2026-09-24 17:19:59,279 [INFO] ✅ انتهت جميع الدورات.
2026-09-24 20:41:04,126 [INFO] ============================================================
2026-09-24 20:41:04,127 [INFO] 🤖 GitHub Actions — بدء الدورة لكل الأزواج
2026-09-24 20:41:04,127 [INFO] ============================================================
2026-09-24 20:41:04,127 [INFO] 🔍 فحص BTC/USDT...
2026-09-24 20:41:06,394 [INFO] 📊 [BTC/USDT] شمعة مغلقة [2026-09-24 16:00:00+00:00] | Close: $84,412.65 | Fast EMA: 84449.39 | Slow EMA: 83743.48 | RSI: 53.3 | ATR: 1081.25 | Daily Trend Up: True
2026-09-24 20:41:06,394 [INFO] [BTC/USDT] ✅ الدورة مكتملة.
2026-09-24 20:41:06,395 [INFO] 🔍 فحص ETH/USDT...
2026-09-24 20:41:06,707 [INFO] 📊 [ETH/USDT] شمعة مغلقة [2026-09-24 16:00:00+00:00] | Close: $2,696.95 | Fast EMA: 2688.81 | Slow EMA: 2675.96 | RSI: 52.8 | ATR: 46.99 | Daily Trend Up: True
2026-09-24 20:41:06,708 [INFO] [ETH/USDT] ✅ الدورة مكتملة.
2026-09-24 20:41:06,708 [INFO] ✅ انتهت جميع الدورات.
2026-09-24 23:30:45,827 [INFO] ============================================================
2026-09-24 23:30:45,827 [INFO] 🤖 GitHub Actions — بدء الدورة لكل الأزواج
2026-09-24 23:30:45,827 [INFO] ============================================================
2026-09-24 23:30:45,827 [INFO] 🔍 فحص BTC/USDT...
2026-09-24 23:30:48,117 [INFO] [BTC/USDT] ✅ الدورة مكتملة.
2026-09-24 23:30:48,117 [INFO] 🔍 فحص ETH/USDT...
2026-09-24 23:30:48,433 [INFO] [ETH/USDT] ✅ الدورة مكتملة.
2026-09-24 23:30:48,824 [INFO] 💓 [BTC/USDT] نبضة حياة (uptime: 0.0h)
2026-09-24 23:30:49,150 [INFO] 💓 [ETH/USDT] نبضة حياة (uptime: 0.0h)
2026-09-24 23:30:49,151 [INFO] ✅ انتهت جميع الدورات.
2026-09-25 01:55:59,436 [INFO] ============================================================
2026-09-25 01:55:59,436 [INFO] 🤖 GitHub Actions — بدء الدورة لكل الأزواج
2026-09-25 01:55:59,436 [INFO] ============================================================
2026-09-25 01:55:59,436 [INFO] 🔍 فحص BTC/USDT...
2026-09-25 01:56:01,771 [INFO] 📊 [BTC/USDT] شمعة مغلقة [2026-09-24 20:00:00+00:00] | Close: $84,410.24 | Fast EMA: 84440.69 | Slow EMA: 83786.49 | RSI: 53.3 | ATR: 1043.50 | Daily Trend Up: True
2026-09-25 01:56:01,772 [INFO] [BTC/USDT] ✅ الدورة مكتملة.
2026-09-25 01:56:01,772 [INFO] 🔍 فحص ETH/USDT...
2026-09-25 01:56:02,106 [INFO] 📊 [ETH/USDT] شمعة مغلقة [2026-09-24 20:00:00+00:00] | Close: $2,688.05 | Fast EMA: 2688.64 | Slow EMA: 2676.74 | RSI: 51.2 | ATR: 45.16 | Daily Trend Up: True
2026-09-25 01:56:02,106 [INFO] [ETH/USDT] ✅ الدورة مكتملة.
2026-09-25 01:56:02,106 [INFO] ✅ انتهت جميع الدورات.
2026-09-25 07:26:46,334 [INFO] ============================================================
2026-09-25 07:26:46,334 [INFO] 🤖 GitHub Actions — بدء الدورة لكل الأزواج
2026-09-25 07:26:46,334 [INFO] ============================================================
2026-09-25 07:26:46,334 [INFO] 🔍 فحص BTC/USDT...
2026-09-25 07:26:49,020 [INFO] 📊 [BTC/USDT] شمعة مغلقة [2026-09-25 00:00:00+00:00] | Close: $84,231.19 | Fast EMA: 84394.13 | Slow EMA: 83815.18 | RSI: 51.9 | ATR: 1027.88 | Daily Trend Up: True
2026-09-25 07:26:49,020 [INFO] [BTC/USDT] ✅ الدورة مكتملة.
2026-09-25 07:26:49,021 [INFO] 🔍 فحص ETH/USDT...
2026-09-25 07:26:49,319 [INFO] 📊 [ETH/USDT] شمعة مغلقة [2026-09-25 00:00:00+00:00] | Close: $2,679.09 | Fast EMA: 2686.52 | Slow EMA: 2676.89 | RSI: 49.5 | ATR: 43.88 | Daily Trend Up: True
2026-09-25 07:26:49,319 [INFO] [ETH/USDT] ✅ الدورة مكتملة.
2026-09-25 07:26:49,782 [INFO] 💓 [BTC/USDT] نبضة حياة (uptime: 0.0h)
2026-09-25 07:26:50,122 [INFO] 💓 [ETH/USDT] نبضة حياة (uptime: 0.0h)
2026-09-25 07:26:50,122 [INFO] ✅ انتهت جميع الدورات.
2026-09-25 12:55:16,448 [INFO] ============================================================
2026-09-25 12:55:16,448 [INFO] 🤖 GitHub Actions — بدء الدورة لكل الأزواج
2026-09-25 12:55:16,448 [INFO] ============================================================
2026-09-25 12:55:16,448 [INFO] 🔍 فحص BTC/USDT...
2026-09-25 12:55:19,066 [INFO] 📊 [BTC/USDT] شمعة مغلقة [2026-09-25 08:00:00+00:00] | Close: $84,582.64 | Fast EMA: 84375.50 | Slow EMA: 83878.50 | RSI: 54.4 | ATR: 1013.48 | Daily Trend Up: True
2026-09-25 12:55:19,066 [INFO] [BTC/USDT] ✅ الدورة مكتملة.
2026-09-25 12:55:19,066 [INFO] 🔍 فحص ETH/USDT...
2026-09-25 12:55:19,387 [INFO] 📊 [ETH/USDT] شمعة مغلقة [2026-09-25 08:00:00+00:00] | Close: $2,717.53 | Fast EMA: 2690.91 | Slow EMA: 2679.22 | RSI: 56.3 | ATR: 44.15 | Daily Trend Up: True
2026-09-25 12:55:19,387 [INFO] [ETH/USDT] ✅ الدورة مكتملة.
2026-09-25 12:55:19,388 [INFO] ✅ انتهت جميع الدورات.
2026-09-25 17:50:11,646 [INFO] ============================================================
2026-09-25 17:50:11,646 [INFO] 🤖 GitHub Actions — بدء الدورة لكل الأزواج
2026-09-25 17:50:11,646 [INFO] ============================================================
2026-09-25 17:50:11,646 [INFO] 🔍 فحص BTC/USDT...
2026-09-25 17:50:13,842 [INFO] 📊 [BTC/USDT] شمعة مغلقة [2026-09-25 12:00:00+00:00] | Close: $83,796.01 | Fast EMA: 84246.72 | Slow EMA: 83873.18 | RSI: 48.3 | ATR: 1049.73 | Daily Trend Up: True
2026-09-25 17:50:13,842 [INFO] [BTC/USDT] ✅ الدورة مكتملة.
2026-09-25 17:50:13,842 [INFO] 🔍 فحص ETH/USDT...
2026-09-25 17:50:14,077 [INFO] 📊 [ETH/USDT] شمعة مغلقة [2026-09-25 12:00:00+00:00] | Close: $2,686.90 | Fast EMA: 2690.02 | Slow EMA: 2679.72 | RSI: 50.6 | ATR: 44.93 | Daily Trend Up: True
2026-09-25 17:50:14,077 [INFO] [ETH/USDT] ✅ الدورة مكتملة.
2026-09-25 17:50:14,634 [INFO] 💓 [BTC/USDT] نبضة حياة (uptime: 0.0h)
2026-09-25 17:50:15,153 [INFO] 💓 [ETH/USDT] نبضة حياة (uptime: 0.0h)
2026-09-25 17:50:15,153 [INFO] ✅ انتهت جميع الدورات.
2026-09-25 21:17:21,432 [INFO] ============================================================
2026-09-25 21:17:21,432 [INFO] 🤖 GitHub Actions — بدء الدورة لكل الأزواج
2026-09-25 21:17:21,432 [INFO] ============================================================
2026-09-25 21:17:21,432 [INFO] 🔍 فحص BTC/USDT...
2026-09-25 21:17:23,252 [INFO] 📊 [BTC/USDT] شمعة مغلقة [2026-09-25 16:00:00+00:00] | Close: $84,020.01 | Fast EMA: 84196.34 | Slow EMA: 83882.66 | RSI: 50.0 | ATR: 1009.60 | Daily Trend Up: True
2026-09-25 21:17:23,252 [INFO] [BTC/USDT] ✅ الدورة مكتملة.
2026-09-25 21:17:23,252 [INFO] 🔍 فحص ETH/USDT...
2026-09-25 21:17:23,487 [INFO] 📊 [ETH/USDT] شمعة مغلقة [2026-09-25 16:00:00+00:00] | Close: $2,693.34 | Fast EMA: 2690.76 | Slow EMA: 2680.60 | RSI: 51.7 | ATR: 43.24 | Daily Trend Up: True
2026-09-25 21:17:23,487 [INFO] [ETH/USDT] ✅ الدورة مكتملة.
2026-09-25 21:17:23,487 [INFO] ✅ انتهت جميع الدورات.
2026-09-26 00:02:13,864 [INFO] ============================================================
2026-09-26 00:02:13,864 [INFO] 🤖 GitHub Actions — بدء الدورة لكل الأزواج
2026-09-26 00:02:13,864 [INFO] ============================================================
2026-09-26 00:02:13,864 [INFO] 🔍 فحص BTC/USDT...
2026-09-26 00:02:16,163 [INFO] 📊 [BTC/USDT] شمعة مغلقة [2026-09-25 20:00:00+00:00] | Close: $84,099.99 | Fast EMA: 84174.93 | Slow EMA: 83896.68 | RSI: 50.6 | ATR: 977.58 | Daily Trend Up: True
2026-09-26 00:02:16,163 [INFO] [BTC/USDT] ✅ الدورة مكتملة.
2026-09-26 00:02:16,164 [INFO] 🔍 فحص ETH/USDT...
2026-09-26 00:02:16,451 [INFO] 📊 [ETH/USDT] شمعة مغلقة [2026-09-25 20:00:00+00:00] | Close: $2,691.61 | Fast EMA: 2690.95 | Slow EMA: 2681.31 | RSI: 51.3 | ATR: 41.53 | Daily Trend Up: True
2026-09-26 00:02:16,451 [INFO] [ETH/USDT] ✅ الدورة مكتملة.
2026-09-26 00:02:16,895 [INFO] 💓 [BTC/USDT] نبضة حياة (uptime: 0.0h)
2026-09-26 00:02:17,244 [INFO] 💓 [ETH/USDT] نبضة حياة (uptime: 0.0h)
2026-09-26 00:02:17,245 [INFO] ✅ انتهت جميع الدورات.
2026-09-26 05:00:53,824 [INFO] ============================================================
2026-09-26 05:00:53,824 [INFO] 🤖 GitHub Actions — بدء الدورة لكل الأزواج
2026-09-26 05:00:53,824 [INFO] ============================================================
2026-09-26 05:00:53,824 [INFO] 🔍 فحص BTC/USDT...
2026-09-26 05:00:56,461 [INFO] 📊 [BTC/USDT] شمعة مغلقة [2026-09-26 00:00:00+00:00] | Close: $83,939.00 | Fast EMA: 84122.50 | Slow EMA: 83899.41 | RSI: 49.3 | ATR: 932.56 | Daily Trend Up: True
2026-09-26 05:00:56,461 [INFO] [BTC/USDT] ✅ الدورة مكتملة.
2026-09-26 05:00:56,461 [INFO] 🔍 فحص ETH/USDT...
2026-09-26 05:00:56,791 [INFO] 📊 [ETH/USDT] شمعة مغلقة [2026-09-26 00:00:00+00:00] | Close: $2,687.98 | Fast EMA: 2690.29 | Slow EMA: 2681.74 | RSI: 50.6 | ATR: 39.66 | Daily Trend Up: True
2026-09-26 05:00:56,791 [INFO] [ETH/USDT] ✅ الدورة مكتملة.
2026-09-26 05:00:56,792 [INFO] ✅ انتهت جميع الدورات.
2026-09-26 09:53:39,154 [INFO] ============================================================
2026-09-26 09:53:39,154 [INFO] 🤖 GitHub Actions — بدء الدورة لكل الأزواج
2026-09-26 09:53:39,154 [INFO] ============================================================
2026-09-26 09:53:39,154 [INFO] 🔍 فحص BTC/USDT...
2026-09-26 09:53:41,278 [INFO] 📊 [BTC/USDT] شمعة مغلقة [2026-09-26 04:00:00+00:00] | Close: $84,116.80 | Fast EMA: 84121.24 | Slow EMA: 83913.43 | RSI: 50.9 | ATR: 886.31 | Daily Trend Up: True
2026-09-26 09:53:41,278 [INFO] [BTC/USDT] ✅ الدورة مكتملة.
2026-09-26 09:53:41,278 [INFO] 🔍 فحص ETH/USDT...
2026-09-26 09:53:41,519 [INFO] 📊 [ETH/USDT] شمعة مغلقة [2026-09-26 04:00:00+00:00] | Close: $2,691.16 | Fast EMA: 2690.48 | Slow EMA: 2682.35 | RSI: 51.3 | ATR: 37.41 | Daily Trend Up: True
2026-09-26 09:53:41,519 [INFO] [ETH/USDT] ✅ الدورة مكتملة.
2026-09-26 09:53:42,078 [INFO] 💓 [BTC/USDT] نبضة حياة (uptime: 0.0h)
2026-09-26 09:53:42,541 [INFO] 💓 [ETH/USDT] نبضة حياة (uptime: 0.0h)
2026-09-26 09:53:42,541 [INFO] ✅ انتهت جميع الدورات.
2026-09-26 14:14:34,508 [INFO] ============================================================
2026-09-26 14:14:34,508 [INFO] 🤖 GitHub Actions — بدء الدورة لكل الأزواج
2026-09-26 14:14:34,508 [INFO] ============================================================
2026-09-26 14:14:34,508 [INFO] 🔍 فحص BTC/USDT...
2026-09-26 14:14:36,670 [INFO] 📊 [BTC/USDT] شمعة مغلقة [2026-09-26 08:00:00+00:00] | Close: $84,176.00 | Fast EMA: 84133.41 | Slow EMA: 83930.37 | RSI: 51.4 | ATR: 849.50 | Daily Trend Up: True
2026-09-26 14:14:36,671 [INFO] [BTC/USDT] ✅ الدورة مكتملة.
2026-09-26 14:14:36,671 [INFO] 🔍 فحص ETH/USDT...
2026-09-26 14:14:36,960 [INFO] 📊 [ETH/USDT] شمعة مغلقة [2026-09-26 08:00:00+00:00] | Close: $2,689.49 | Fast EMA: 2690.26 | Slow EMA: 2682.81 | RSI: 50.9 | ATR: 36.06 | Daily Trend Up: True
2026-09-26 14:14:36,960 [INFO] [ETH/USDT] ✅ الدورة مكتملة.
2026-09-26 14:14:36,960 [INFO] ✅ انتهت جميع الدورات.
2026-09-26 17:47:47,295 [INFO] ============================================================
2026-09-26 17:47:47,295 [INFO] 🤖 GitHub Actions — بدء الدورة لكل الأزواج
2026-09-26 17:47:47,295 [INFO] ============================================================
2026-09-26 17:47:47,295 [INFO] 🔍 فحص BTC/USDT...
2026-09-26 17:47:49,564 [INFO] 📊 [BTC/USDT] شمعة مغلقة [2026-09-26 12:00:00+00:00] | Close: $84,155.99 | Fast EMA: 84138.42 | Slow EMA: 83944.93 | RSI: 51.2 | ATR: 813.72 | Daily Trend Up: True
2026-09-26 17:47:49,564 [INFO] [BTC/USDT] ✅ الدورة مكتملة.
2026-09-26 17:47:49,564 [INFO] 🔍 فحص ETH/USDT...
2026-09-26 17:47:49,862 [INFO] 📊 [ETH/USDT] شمعة مغلقة [2026-09-26 12:00:00+00:00] | Close: $2,692.97 | Fast EMA: 2690.86 | Slow EMA: 2683.46 | RSI: 51.7 | ATR: 34.48 | Daily Trend Up: True
2026-09-26 17:47:49,863 [INFO] [ETH/USDT] ✅ الدورة مكتملة.
2026-09-26 17:47:50,518 [INFO] 💓 [BTC/USDT] نبضة حياة (uptime: 0.0h)
2026-09-26 17:47:50,872 [INFO] 💓 [ETH/USDT] نبضة حياة (uptime: 0.0h)
2026-09-26 17:47:50,873 [INFO] ✅ انتهت جميع الدورات.
2026-09-26 20:49:49,702 [INFO] ============================================================
2026-09-26 20:49:49,702 [INFO] 🤖 GitHub Actions — بدء الدورة لكل الأزواج
2026-09-26 20:49:49,702 [INFO] ============================================================
2026-09-26 20:49:49,702 [INFO] 🔍 فحص BTC/USDT...
2026-09-26 20:49:51,732 [INFO] 📊 [BTC/USDT] شمعة مغلقة [2026-09-26 16:00:00+00:00] | Close: $84,016.63 | Fast EMA: 84111.36 | Slow EMA: 83949.55 | RSI: 49.7 | ATR: 769.71 | Daily Trend Up: True
2026-09-26 20:49:51,733 [INFO] [BTC/USDT] ✅ الدورة مكتملة.
2026-09-26 20:49:51,733 [INFO] 🔍 فحص ETH/USDT...
2026-09-26 20:49:52,019 [INFO] 📊 [ETH/USDT] شمعة مغلقة [2026-09-26 16:00:00+00:00] | Close: $2,684.64 | Fast EMA: 2689.48 | Slow EMA: 2683.54 | RSI: 49.6 | ATR: 32.87 | Daily Trend Up: True
2026-09-26 20:49:52,019 [INFO] [ETH/USDT] ✅ الدورة مكتملة.
2026-09-26 20:49:52,019 [INFO] ✅ انتهت جميع الدورات.
2026-09-26 23:25:59,559 [INFO] ============================================================
2026-09-26 23:25:59,560 [INFO] 🤖 GitHub Actions — بدء الدورة لكل الأزواج
2026-09-26 23:25:59,560 [INFO] ============================================================
2026-09-26 23:25:59,560 [INFO] 🔍 فحص BTC/USDT...
2026-09-26 23:26:01,546 [INFO] [BTC/USDT] ✅ الدورة مكتملة.
2026-09-26 23:26:01,546 [INFO] 🔍 فحص ETH/USDT...
2026-09-26 23:26:01,787 [INFO] [ETH/USDT] ✅ الدورة مكتملة.
2026-09-26 23:26:01,787 [INFO] ✅ انتهت جميع الدورات.
2026-09-27 01:40:45,357 [INFO] ============================================================
2026-09-27 01:40:45,357 [INFO] 🤖 GitHub Actions — بدء الدورة لكل الأزواج
2026-09-27 01:40:45,357 [INFO] ============================================================
2026-09-27 01:40:45,357 [INFO] 🔍 فحص BTC/USDT...
2026-09-27 01:40:47,334 [INFO] 📊 [BTC/USDT] شمعة مغلقة [2026-09-26 20:00:00+00:00] | Close: $84,433.10 | Fast EMA: 84182.86 | Slow EMA: 83980.75 | RSI: 54.0 | ATR: 760.13 | Daily Trend Up: True
2026-09-27 01:40:47,334 [INFO] [BTC/USDT] ✅ الدورة مكتملة.
2026-09-27 01:40:47,334 [INFO] 🔍 فحص ETH/USDT...
2026-09-27 01:40:47,582 [INFO] 📊 [ETH/USDT] شمعة مغلقة [2026-09-26 20:00:00+00:00] | Close: $2,696.33 | Fast EMA: 2691.00 | Slow EMA: 2684.36 | RSI: 52.5 | ATR: 32.83 | Daily Trend Up: True
2026-09-27 01:40:47,582 [INFO] [ETH/USDT] ✅ الدورة مكتملة.
2026-09-27 01:40:48,066 [INFO] 💓 [BTC/USDT] نبضة حياة (uptime: 0.0h)
2026-09-27 01:40:48,501 [INFO] 💓 [ETH/USDT] نبضة حياة (uptime: 0.0h)
2026-09-27 01:40:48,503 [INFO] ✅ انتهت جميع الدورات.
2026-09-27 07:06:52,617 [INFO] ============================================================
2026-09-27 07:06:52,617 [INFO] 🤖 GitHub Actions — بدء الدورة لكل الأزواج
2026-09-27 07:06:52,617 [INFO] ============================================================
2026-09-27 07:06:52,617 [INFO] 🔍 فحص BTC/USDT...
2026-09-27 07:06:54,431 [INFO] 📊 [BTC/USDT] شمعة مغلقة [2026-09-27 00:00:00+00:00] | Close: $84,402.15 | Fast EMA: 84231.59 | Slow EMA: 84007.94 | RSI: 53.6 | ATR: 728.27 | Daily Trend Up: True
2026-09-27 07:06:54,431 [INFO] [BTC/USDT] ✅ الدورة مكتملة.
2026-09-27 07:06:54,431 [INFO] 🔍 فحص ETH/USDT...
2026-09-27 07:06:54,666 [INFO] 📊 [ETH/USDT] شمعة مغلقة [2026-09-27 00:00:00+00:00] | Close: $2,696.69 | Fast EMA: 2692.27 | Slow EMA: 2685.16 | RSI: 52.6 | ATR: 31.63 | Daily Trend Up: True
2026-09-27 07:06:54,666 [INFO] [ETH/USDT] ✅ الدورة مكتملة.
2026-09-27 07:06:54,666 [INFO] ✅ انتهت جميع الدورات.
2026-09-27 13:03:41,458 [INFO] ============================================================
2026-09-27 13:03:41,458 [INFO] 🤖 GitHub Actions — بدء الدورة لكل الأزواج
2026-09-27 13:03:41,458 [INFO] ============================================================
2026-09-27 13:03:41,458 [INFO] 🔍 فحص BTC/USDT...
2026-09-27 13:03:43,733 [INFO] 📊 [BTC/USDT] شمعة مغلقة [2026-09-27 08:00:00+00:00] | Close: $84,898.00 | Fast EMA: 84476.37 | Slow EMA: 84112.62 | RSI: 58.5 | ATR: 697.85 | Daily Trend Up: True
2026-09-27 13:03:43,733 [INFO] [BTC/USDT] ✅ الدورة مكتملة.
2026-09-27 13:03:43,733 [INFO] 🔍 فحص ETH/USDT...
2026-09-27 13:03:44,021 [INFO] 📊 [ETH/USDT] شمعة مغلقة [2026-09-27 08:00:00+00:00] | Close: $2,709.80 | Fast EMA: 2700.66 | Slow EMA: 2688.75 | RSI: 55.3 | ATR: 30.42 | Daily Trend Up: True
2026-09-27 13:03:44,022 [INFO] [ETH/USDT] ✅ الدورة مكتملة.
2026-09-27 13:03:44,474 [INFO] 💓 [BTC/USDT] نبضة حياة (uptime: 0.0h)
2026-09-27 13:03:44,841 [INFO] 💓 [ETH/USDT] نبضة حياة (uptime: 0.0h)
2026-09-27 13:03:44,842 [INFO] ✅ انتهت جميع الدورات.
2026-09-27 17:45:35,152 [INFO] ============================================================
2026-09-27 17:45:35,152 [INFO] 🤖 GitHub Actions — بدء الدورة لكل الأزواج
2026-09-27 17:45:35,152 [INFO] ============================================================
2026-09-27 17:45:35,152 [INFO] 🔍 فحص BTC/USDT...
2026-09-27 17:45:36,918 [INFO] 📊 [BTC/USDT] شمعة مغلقة [2026-09-27 12:00:00+00:00] | Close: $84,463.37 | Fast EMA: 84473.48 | Slow EMA: 84135.25 | RSI: 52.9 | ATR: 704.79 | Daily Trend Up: True
2026-09-27 17:45:36,918 [INFO] [BTC/USDT] ✅ الدورة مكتملة.
2026-09-27 17:45:36,918 [INFO] 🔍 فحص ETH/USDT...
2026-09-27 17:45:37,157 [INFO] 📊 [ETH/USDT] شمعة مغلقة [2026-09-27 12:00:00+00:00] | Close: $2,689.76 | Fast EMA: 2698.24 | Slow EMA: 2688.81 | RSI: 49.6 | ATR: 30.79 | Daily Trend Up: True
2026-09-27 17:45:37,157 [INFO] [ETH/USDT] ✅ الدورة مكتملة.
2026-09-27 17:45:37,157 [INFO] ✅ انتهت جميع الدورات.
2026-09-27 21:06:46,842 [INFO] ============================================================
2026-09-27 21:06:46,842 [INFO] 🤖 GitHub Actions — بدء الدورة لكل الأزواج
2026-09-27 21:06:46,842 [INFO] ============================================================
2026-09-27 21:06:46,842 [INFO] 🔍 فحص BTC/USDT...
2026-09-27 21:06:48,845 [INFO] 📊 [BTC/USDT] شمعة مغلقة [2026-09-27 16:00:00+00:00] | Close: $84,736.01 | Fast EMA: 84531.82 | Slow EMA: 84174.01 | RSI: 55.8 | ATR: 690.23 | Daily Trend Up: True
2026-09-27 21:06:48,845 [INFO] [BTC/USDT] ✅ الدورة مكتملة.
2026-09-27 21:06:48,845 [INFO] 🔍 فحص ETH/USDT...
2026-09-27 21:06:49,081 [INFO] 📊 [ETH/USDT] شمعة مغلقة [2026-09-27 16:00:00+00:00] | Close: $2,691.43 | Fast EMA: 2696.72 | Slow EMA: 2688.98 | RSI: 50.1 | ATR: 29.65 | Daily Trend Up: True
2026-09-27 21:06:49,081 [INFO] [ETH/USDT] ✅ الدورة مكتملة.
2026-09-27 21:06:49,671 [INFO] 💓 [BTC/USDT] نبضة حياة (uptime: 0.0h)
2026-09-27 21:06:50,153 [INFO] 💓 [ETH/USDT] نبضة حياة (uptime: 0.0h)
2026-09-27 21:06:50,155 [INFO] ✅ انتهت جميع الدورات.
2026-09-27 23:48:51,001 [INFO] ============================================================
2026-09-27 23:48:51,001 [INFO] 🤖 GitHub Actions — بدء الدورة لكل الأزواج
2026-09-27 23:48:51,001 [INFO] ============================================================
2026-09-27 23:48:51,001 [INFO] 🔍 فحص BTC/USDT...
2026-09-27 23:48:53,396 [INFO] [BTC/USDT] ✅ الدورة مكتملة.
2026-09-27 23:48:53,396 [INFO] 🔍 فحص ETH/USDT...
2026-09-27 23:48:53,686 [INFO] [ETH/USDT] ✅ الدورة مكتملة.
2026-09-27 23:48:53,686 [INFO] ✅ انتهت جميع الدورات.
2026-09-28 04:32:12,617 [INFO] ============================================================
2026-09-28 04:32:12,617 [INFO] 🤖 GitHub Actions — بدء الدورة لكل الأزواج
2026-09-28 04:32:12,617 [INFO] ============================================================
2026-09-28 04:32:12,617 [INFO] 🔍 فحص BTC/USDT...
2026-09-28 04:32:14,581 [INFO] 📊 [BTC/USDT] شمعة مغلقة [2026-09-28 00:00:00+00:00] | Close: $83,338.60 | Fast EMA: 84256.32 | Slow EMA: 84138.10 | RSI: 41.1 | ATR: 768.10 | Daily Trend Up: True
2026-09-28 04:32:14,581 [INFO] [BTC/USDT] ✅ الدورة مكتملة.
2026-09-28 04:32:14,581 [INFO] 🔍 فحص ETH/USDT...
2026-09-28 04:32:14,824 [INFO] 📊 [ETH/USDT] شمعة مغلقة [2026-09-28 00:00:00+00:00] | Close: $2,652.08 | Fast EMA: 2685.41 | Slow EMA: 2686.58 | RSI: 40.2 | ATR: 31.72 | Daily Trend Up: True
2026-09-28 04:32:14,824 [INFO] [ETH/USDT] ✅ الدورة مكتملة.
2026-09-28 04:32:15,364 [INFO] 💓 [BTC/USDT] نبضة حياة (uptime: 0.0h)
2026-09-28 04:32:15,791 [INFO] 💓 [ETH/USDT] نبضة حياة (uptime: 0.0h)
2026-09-28 04:32:15,791 [INFO] ✅ انتهت جميع الدورات.
2026-09-28 11:15:14,991 [INFO] ============================================================
2026-09-28 11:15:14,991 [INFO] 🤖 GitHub Actions — بدء الدورة لكل الأزواج
2026-09-28 11:15:14,991 [INFO] ============================================================
2026-09-28 11:15:14,991 [INFO] 🔍 فحص BTC/USDT...
2026-09-28 11:15:17,526 [INFO] 📊 [BTC/USDT] شمعة مغلقة [2026-09-28 04:00:00+00:00] | Close: $82,966.01 | Fast EMA: 83969.58 | Slow EMA: 84062.48 | RSI: 38.2 | ATR: 772.45 | Daily Trend Up: True
2026-09-28 11:15:17,527 [INFO] [BTC/USDT] ✅ الدورة مكتملة.
2026-09-28 11:15:17,527 [INFO] 🔍 فحص ETH/USDT...
2026-09-28 11:15:17,814 [INFO] 📊 [ETH/USDT] شمعة مغلقة [2026-09-28 04:00:00+00:00] | Close: $2,644.31 | Fast EMA: 2676.27 | Slow EMA: 2683.85 | RSI: 38.5 | ATR: 31.26 | Daily Trend Up: True
2026-09-28 11:15:17,814 [INFO] [ETH/USDT] ✅ الدورة مكتملة.
2026-09-28 11:15:18,316 [INFO] 💓 [BTC/USDT] نبضة حياة (uptime: 0.0h)
2026-09-28 11:15:18,677 [INFO] 💓 [ETH/USDT] نبضة حياة (uptime: 0.0h)
2026-09-28 11:15:18,678 [INFO] ✅ انتهت جميع الدورات.
2026-09-28 18:38:18,740 [INFO] ============================================================
2026-09-28 18:38:18,740 [INFO] 🤖 GitHub Actions — بدء الدورة لكل الأزواج
2026-09-28 18:38:18,740 [INFO] ============================================================
2026-09-28 18:38:18,740 [INFO] 🔍 فحص BTC/USDT...
2026-09-28 18:38:21,308 [INFO] 📊 [BTC/USDT] شمعة مغلقة [2026-09-28 12:00:00+00:00] | Close: $83,370.00 | Fast EMA: 83683.03 | Slow EMA: 83958.66 | RSI: 43.2 | ATR: 793.16 | Daily Trend Up: True
2026-09-28 18:38:21,309 [INFO] [BTC/USDT] ✅ الدورة مكتملة.
2026-09-28 18:38:21,309 [INFO] 🔍 فحص ETH/USDT...
2026-09-28 18:38:21,648 [INFO] 📊 [ETH/USDT] شمعة مغلقة [2026-09-28 12:00:00+00:00] | Close: $2,677.95 | Fast EMA: 2675.39 | Slow EMA: 2682.58 | RSI: 48.5 | ATR: 32.44 | Daily Trend Up: True
2026-09-28 18:38:21,648 [INFO] [ETH/USDT] ✅ الدورة مكتملة.
2026-09-28 18:38:22,043 [INFO] 💓 [BTC/USDT] نبضة حياة (uptime: 0.0h)
2026-09-28 18:38:22,349 [INFO] 💓 [ETH/USDT] نبضة حياة (uptime: 0.0h)
2026-09-28 18:38:22,349 [INFO] ✅ انتهت جميع الدورات.
2026-09-28 23:31:45,412 [INFO] ============================================================
2026-09-28 23:31:45,412 [INFO] 🤖 GitHub Actions — بدء الدورة لكل الأزواج
2026-09-28 23:31:45,412 [INFO] ============================================================
2026-09-28 23:31:45,412 [INFO] 🔍 فحص BTC/USDT...
2026-09-28 23:31:47,696 [INFO] 📊 [BTC/USDT] شمعة مغلقة [2026-09-28 16:00:00+00:00] | Close: $83,389.54 | Fast EMA: 83617.81 | Slow EMA: 83921.94 | RSI: 43.4 | ATR: 826.73 | Daily Trend Up: True
2026-09-28 23:31:47,696 [INFO] [BTC/USDT] ✅ الدورة مكتملة.
2026-09-28 23:31:47,696 [INFO] 🔍 فحص ETH/USDT...
2026-09-28 23:31:48,032 [INFO] 📊 [ETH/USDT] شمعة مغلقة [2026-09-28 16:00:00+00:00] | Close: $2,673.50 | Fast EMA: 2674.97 | Slow EMA: 2681.99 | RSI: 47.3 | ATR: 34.16 | Daily Trend Up: True
2026-09-28 23:31:48,032 [INFO] [ETH/USDT] ✅ الدورة مكتملة.
2026-09-28 23:31:48,032 [INFO] ✅ انتهت جميع الدورات.
2026-09-29 02:45:26,806 [INFO] ============================================================
2026-09-29 02:45:26,806 [INFO] 🤖 GitHub Actions — بدء الدورة لكل الأزواج
2026-09-29 02:45:26,806 [INFO] ============================================================
2026-09-29 02:45:26,806 [INFO] 🔍 فحص BTC/USDT...
2026-09-29 02:45:28,972 [INFO] 📊 [BTC/USDT] شمعة مغلقة [2026-09-28 20:00:00+00:00] | Close: $83,500.01 | Fast EMA: 83591.63 | Slow EMA: 83894.72 | RSI: 44.8 | ATR: 807.96 | Daily Trend Up: True
2026-09-29 02:45:28,972 [INFO] [BTC/USDT] ✅ الدورة مكتملة.
2026-09-29 02:45:28,972 [INFO] 🔍 فحص ETH/USDT...
2026-09-29 02:45:29,211 [INFO] 📊 [ETH/USDT] شمعة مغلقة [2026-09-28 20:00:00+00:00] | Close: $2,688.71 | Fast EMA: 2678.02 | Slow EMA: 2682.42 | RSI: 51.6 | ATR: 33.61 | Daily Trend Up: True
2026-09-29 02:45:29,211 [INFO] [ETH/USDT] ✅ الدورة مكتملة.
2026-09-29 02:45:29,806 [INFO] 💓 [BTC/USDT] نبضة حياة (uptime: 0.0h)
2026-09-29 02:45:30,256 [INFO] 💓 [ETH/USDT] نبضة حياة (uptime: 0.0h)
2026-09-29 02:45:30,297 [INFO] ✅ انتهت جميع الدورات.
2026-09-29 09:07:23,850 [INFO] ============================================================
2026-09-29 09:07:23,850 [INFO] 🤖 GitHub Actions — بدء الدورة لكل الأزواج
2026-09-29 09:07:23,850 [INFO] ============================================================
2026-09-29 09:07:23,850 [INFO] 🔍 فحص BTC/USDT...
2026-09-29 09:07:26,407 [INFO] 📊 [BTC/USDT] شمعة مغلقة [2026-09-29 04:00:00+00:00] | Close: $83,980.97 | Fast EMA: 83587.99 | Slow EMA: 83850.51 | RSI: 51.2 | ATR: 840.43 | Daily Trend Up: True
2026-09-29 09:07:26,407 [INFO] [BTC/USDT] ✅ الدورة مكتملة.
2026-09-29 09:07:26,407 [INFO] 🔍 فحص ETH/USDT...
2026-09-29 09:07:26,747 [INFO] 📊 [ETH/USDT] شمعة مغلقة [2026-09-29 04:00:00+00:00] | Close: $2,712.36 | Fast EMA: 2683.44 | Slow EMA: 2683.32 | RSI: 56.6 | ATR: 36.41 | Daily Trend Up: True
2026-09-29 09:07:27,304 [INFO] 🚀 [ETH/USDT] فتح صفقة @ $2,706.63
2026-09-29 09:07:27,304 [INFO] [ETH/USDT] ✅ الدورة مكتملة.
2026-09-29 09:07:27,670 [INFO] 💓 [BTC/USDT] نبضة حياة (uptime: 0.0h)
2026-09-29 09:07:28,025 [INFO] 💓 [ETH/USDT] نبضة حياة (uptime: 0.0h)
2026-09-29 09:07:28,026 [INFO] ✅ انتهت جميع الدورات.
2026-09-29 15:54:04,540 [INFO] ============================================================
2026-09-29 15:54:04,540 [INFO] 🤖 GitHub Actions — بدء الدورة لكل الأزواج
2026-09-29 15:54:04,540 [INFO] ============================================================
2026-09-29 15:54:04,540 [INFO] 🔍 فحص BTC/USDT...
2026-09-29 15:54:06,963 [INFO] 📊 [BTC/USDT] شمعة مغلقة [2026-09-29 08:00:00+00:00] | Close: $84,358.01 | Fast EMA: 83759.11 | Slow EMA: 83883.25 | RSI: 54.8 | ATR: 833.22 | Daily Trend Up: True
2026-09-29 15:54:06,964 [INFO] [BTC/USDT] ✅ الدورة مكتملة.
2026-09-29 15:54:06,964 [INFO] 🔍 فحص ETH/USDT...
2026-09-29 15:54:07,465 [INFO] 📊 [ETH/USDT] شمعة مغلقة [2026-09-29 08:00:00+00:00] | Close: $2,732.47 | Fast EMA: 2694.33 | Slow EMA: 2686.49 | RSI: 60.3 | ATR: 36.37 | Daily Trend Up: True
2026-09-29 15:54:07,465 [INFO] [ETH/USDT] ✅ الدورة مكتملة.
2026-09-29 15:54:07,846 [INFO] 💓 [BTC/USDT] نبضة حياة (uptime: 0.0h)
2026-09-29 15:54:08,180 [INFO] 💓 [ETH/USDT] نبضة حياة (uptime: 0.0h)
2026-09-29 15:54:08,181 [INFO] ✅ انتهت جميع الدورات.
2026-09-29 20:33:00,665 [INFO] ============================================================
2026-09-29 20:33:00,665 [INFO] 🤖 GitHub Actions — بدء الدورة لكل الأزواج
2026-09-29 20:33:00,665 [INFO] ============================================================
2026-09-29 20:33:00,665 [INFO] 🔍 فحص BTC/USDT...
2026-09-29 20:33:03,091 [INFO] 📊 [BTC/USDT] شمعة مغلقة [2026-09-29 16:00:00+00:00] | Close: $83,594.01 | Fast EMA: 83602.97 | Slow EMA: 83815.39 | RSI: 48.0 | ATR: 885.29 | Daily Trend Up: True
2026-09-29 20:33:03,092 [INFO] [BTC/USDT] ✅ الدورة مكتملة.
2026-09-29 20:33:03,092 [INFO] 🔍 فحص ETH/USDT...
2026-09-29 20:33:03,512 [INFO] 📊 [ETH/USDT] شمعة مغلقة [2026-09-29 16:00:00+00:00] | Close: $2,690.01 | Fast EMA: 2689.89 | Slow EMA: 2685.97 | RSI: 50.6 | ATR: 38.93 | Daily Trend Up: True
2026-09-29 20:33:03,512 [INFO] [ETH/USDT] ✅ الدورة مكتملة.
2026-09-29 20:33:03,513 [INFO] ✅ انتهت جميع الدورات.
2026-09-29 23:58:40,982 [INFO] ============================================================
2026-09-29 23:58:40,982 [INFO] 🤖 GitHub Actions — بدء الدورة لكل الأزواج
2026-09-29 23:58:40,982 [INFO] ============================================================
2026-09-29 23:58:40,982 [INFO] 🔍 فحص BTC/USDT...
2026-09-29 23:58:42,826 [INFO] [BTC/USDT] ✅ الدورة مكتملة.
2026-09-29 23:58:42,827 [INFO] 🔍 فحص ETH/USDT...
2026-09-29 23:58:43,181 [INFO] [ETH/USDT] ✅ الدورة مكتملة.
2026-09-29 23:58:43,713 [INFO] 💓 [BTC/USDT] نبضة حياة (uptime: 0.0h)
2026-09-29 23:58:44,364 [INFO] 💓 [ETH/USDT] نبضة حياة (uptime: 0.0h)
2026-09-29 23:58:44,364 [INFO] ✅ انتهت جميع الدورات.
2026-09-30 05:22:46,538 [INFO] ============================================================
2026-09-30 05:22:46,538 [INFO] 🤖 GitHub Actions — بدء الدورة لكل الأزواج
2026-09-30 05:22:46,538 [INFO] ============================================================
2026-09-30 05:22:46,539 [INFO] 🔍 فحص BTC/USDT...
2026-09-30 05:22:48,900 [INFO] 📊 [BTC/USDT] شمعة مغلقة [2026-09-30 00:00:00+00:00] | Close: $83,300.65 | Fast EMA: 83546.28 | Slow EMA: 83773.02 | RSI: 45.5 | ATR: 833.88 | Daily Trend Up: True
2026-09-30 05:22:48,900 [INFO] [BTC/USDT] ✅ الدورة مكتملة.
2026-09-30 05:22:48,900 [INFO] 🔍 فحص ETH/USDT...
2026-09-30 05:22:49,395 [INFO] 📊 [ETH/USDT] شمعة مغلقة [2026-09-30 00:00:00+00:00] | Close: $2,671.55 | Fast EMA: 2683.75 | Slow EMA: 2684.56 | RSI: 47.1 | ATR: 35.82 | Daily Trend Up: True
2026-09-30 05:22:49,954 [INFO] [ETH/USDT] ✅ الدورة مكتملة.
2026-09-30 05:22:49,954 [INFO] ✅ انتهت جميع الدورات.
2026-09-30 11:18:24,407 [INFO] ============================================================
2026-09-30 11:18:24,407 [INFO] 🤖 GitHub Actions — بدء الدورة لكل الأزواج
2026-09-30 11:18:24,407 [INFO] ============================================================
2026-09-30 11:18:24,407 [INFO] 🔍 فحص BTC/USDT...
2026-09-30 11:18:27,427 [INFO] 📊 [BTC/USDT] شمعة مغلقة [2026-09-30 04:00:00+00:00] | Close: $83,304.92 | Fast EMA: 83492.64 | Slow EMA: 83742.82 | RSI: 45.6 | ATR: 814.73 | Daily Trend Up: True
2026-09-30 11:18:27,427 [INFO] [BTC/USDT] ✅ الدورة مكتملة.
2026-09-30 11:18:27,427 [INFO] 🔍 فحص ETH/USDT...
2026-09-30 11:18:27,766 [INFO] 📊 [ETH/USDT] شمعة مغلقة [2026-09-30 04:00:00+00:00] | Close: $2,674.87 | Fast EMA: 2681.78 | Slow EMA: 2683.93 | RSI: 47.8 | ATR: 34.95 | Daily Trend Up: True
2026-09-30 11:18:27,766 [INFO] [ETH/USDT] ✅ الدورة مكتملة.
2026-09-30 11:18:28,161 [INFO] 💓 [BTC/USDT] نبضة حياة (uptime: 0.0h)
2026-09-30 11:18:28,520 [INFO] 💓 [ETH/USDT] نبضة حياة (uptime: 0.0h)
2026-09-30 11:18:28,521 [INFO] ✅ انتهت جميع الدورات.
2026-09-30 16:55:49,542 [INFO] ============================================================
2026-09-30 16:55:49,543 [INFO] 🤖 GitHub Actions — بدء الدورة لكل الأزواج
2026-09-30 16:55:49,543 [INFO] ============================================================
2026-09-30 16:55:49,543 [INFO] 🔍 فحص BTC/USDT...
2026-09-30 16:55:52,025 [INFO] 📊 [BTC/USDT] شمعة مغلقة [2026-09-30 12:00:00+00:00] | Close: $84,134.43 | Fast EMA: 83708.29 | Slow EMA: 83778.49 | RSI: 53.5 | ATR: 928.64 | Daily Trend Up: True
2026-09-30 16:55:52,025 [INFO] [BTC/USDT] ✅ الدورة مكتملة.
2026-09-30 16:55:52,025 [INFO] 🔍 فحص ETH/USDT...
2026-09-30 16:55:52,366 [INFO] 📊 [ETH/USDT] شمعة مغلقة [2026-09-30 12:00:00+00:00] | Close: $2,683.72 | Fast EMA: 2684.98 | Slow EMA: 2684.76 | RSI: 49.7 | ATR: 37.50 | Daily Trend Up: True
2026-09-30 16:55:52,366 [INFO] [ETH/USDT] ✅ الدورة مكتملة.
2026-09-30 16:55:52,366 [INFO] ✅ انتهت جميع الدورات.
2026-09-30 21:20:09,468 [INFO] ============================================================
2026-09-30 21:20:09,468 [INFO] 🤖 GitHub Actions — بدء الدورة لكل الأزواج
2026-09-30 21:20:09,468 [INFO] ============================================================
2026-09-30 21:20:09,468 [INFO] 🔍 فحص BTC/USDT...
2026-09-30 21:20:12,053 [INFO] 📊 [BTC/USDT] شمعة مغلقة [2026-09-30 16:00:00+00:00] | Close: $83,603.16 | Fast EMA: 83684.93 | Slow EMA: 83767.18 | RSI: 48.4 | ATR: 932.80 | Daily Trend Up: True
2026-09-30 21:20:12,053 [INFO] [BTC/USDT] ✅ الدورة مكتملة.
2026-09-30 21:20:12,053 [INFO] 🔍 فحص ETH/USDT...
2026-09-30 21:20:12,389 [INFO] 📊 [ETH/USDT] شمعة مغلقة [2026-09-30 16:00:00+00:00] | Close: $2,669.61 | Fast EMA: 2681.56 | Slow EMA: 2683.78 | RSI: 46.7 | ATR: 36.96 | Daily Trend Up: True
2026-09-30 21:20:12,389 [INFO] [ETH/USDT] ✅ الدورة مكتملة.
2026-09-30 21:20:12,749 [INFO] 💓 [BTC/USDT] نبضة حياة (uptime: 0.0h)
2026-09-30 21:20:13,049 [INFO] 💓 [ETH/USDT] نبضة حياة (uptime: 0.0h)
2026-09-30 21:20:13,050 [INFO] ✅ انتهت جميع الدورات.
2026-10-01 00:44:13,692 [INFO] ============================================================
2026-10-01 00:44:13,692 [INFO] 🤖 GitHub Actions — بدء الدورة لكل الأزواج
2026-10-01 00:44:13,692 [INFO] ============================================================
2026-10-01 00:44:13,693 [INFO] 🔍 فحص BTC/USDT...
2026-10-01 00:44:16,276 [INFO] 📊 [BTC/USDT] شمعة مغلقة [2026-09-30 20:00:00+00:00] | Close: $83,623.60 | Fast EMA: 83671.30 | Slow EMA: 83757.91 | RSI: 48.6 | ATR: 889.12 | Daily Trend Up: True
2026-10-01 00:44:16,276 [INFO] [BTC/USDT] ✅ الدورة مكتملة.
2026-10-01 00:44:16,276 [INFO] 🔍 فحص ETH/USDT...
2026-10-01 00:44:16,592 [INFO] 📊 [ETH/USDT] شمعة مغلقة [2026-09-30 20:00:00+00:00] | Close: $2,686.01 | Fast EMA: 2682.55 | Slow EMA: 2683.92 | RSI: 50.4 | ATR: 36.16 | Daily Trend Up: True
2026-10-01 00:44:16,592 [INFO] [ETH/USDT] ✅ الدورة مكتملة.
2026-10-01 00:44:16,592 [INFO] ✅ انتهت جميع الدورات.
2026-10-01 06:36:25,903 [INFO] ============================================================
2026-10-01 06:36:25,903 [INFO] 🤖 GitHub Actions — بدء الدورة لكل الأزواج
2026-10-01 06:36:25,903 [INFO] ============================================================
2026-10-01 06:36:25,903 [INFO] 🔍 فحص BTC/USDT...
2026-10-01 06:36:28,434 [INFO] 📊 [BTC/USDT] شمعة مغلقة [2026-10-01 00:00:00+00:00] | Close: $83,754.01 | Fast EMA: 83689.68 | Slow EMA: 83757.66 | RSI: 50.0 | ATR: 852.03 | Daily Trend Up: True
2026-10-01 06:36:28,434 [INFO] [BTC/USDT] ✅ الدورة مكتملة.
2026-10-01 06:36:28,434 [INFO] 🔍 فحص ETH/USDT...
2026-10-01 06:36:28,759 [INFO] 📊 [ETH/USDT] شمعة مغلقة [2026-10-01 00:00:00+00:00] | Close: $2,696.07 | Fast EMA: 2685.56 | Slow EMA: 2684.71 | RSI: 52.6 | ATR: 34.89 | Daily Trend Up: True
2026-10-01 06:36:29,389 [INFO] 🚀 [ETH/USDT] فتح صفقة @ $2,719.32
2026-10-01 06:36:29,389 [INFO] [ETH/USDT] ✅ الدورة مكتملة.
2026-10-01 06:36:29,743 [INFO] 💓 [BTC/USDT] نبضة حياة (uptime: 0.0h)
2026-10-01 06:36:30,115 [INFO] 💓 [ETH/USDT] نبضة حياة (uptime: 0.0h)
2026-10-01 06:36:30,116 [INFO] ✅ انتهت جميع الدورات.
2026-10-01 13:56:06,217 [INFO] ============================================================
2026-10-01 13:56:06,217 [INFO] 🤖 GitHub Actions — بدء الدورة لكل الأزواج
2026-10-01 13:56:06,217 [INFO] ============================================================
2026-10-01 13:56:06,217 [INFO] 🔍 فحص BTC/USDT...
2026-10-01 13:56:07,914 [INFO] 📊 [BTC/USDT] شمعة مغلقة [2026-10-01 08:00:00+00:00] | Close: $83,905.76 | Fast EMA: 83692.80 | Slow EMA: 83747.44 | RSI: 51.7 | ATR: 872.62 | Daily Trend Up: True
2026-10-01 13:56:07,914 [INFO] [BTC/USDT] ✅ الدورة مكتملة.
2026-10-01 13:56:07,914 [INFO] 🔍 فحص ETH/USDT...
2026-10-01 13:56:08,265 [INFO] 📊 [ETH/USDT] شمعة مغلقة [2026-10-01 08:00:00+00:00] | Close: $2,706.56 | Fast EMA: 2688.83 | Slow EMA: 2685.68 | RSI: 54.5 | ATR: 35.74 | Daily Trend Up: True
2026-10-01 13:56:08,265 [INFO] [ETH/USDT] ✅ الدورة مكتملة.
2026-10-01 13:56:08,762 [INFO] 💓 [BTC/USDT] نبضة حياة (uptime: 0.0h)
2026-10-01 13:56:09,229 [INFO] 💓 [ETH/USDT] نبضة حياة (uptime: 0.0h)
2026-10-01 13:56:09,229 [INFO] ✅ انتهت جميع الدورات.
2026-10-01 19:22:30,016 [INFO] ============================================================
2026-10-01 19:22:30,016 [INFO] 🤖 GitHub Actions — بدء الدورة لكل الأزواج
2026-10-01 19:22:30,016 [INFO] ============================================================
2026-10-01 19:22:30,016 [INFO] 🔍 فحص BTC/USDT...
2026-10-01 19:22:32,766 [INFO] 👤 [Shadow QDS] BTC/USDT | Legacy: BUY | QDS: BUY | QDS BUY: جميع الشروط مكتملة (Regime: SIDEWAYS | Score: 100)
2026-10-01 19:22:32,766 [INFO] [BTC/USDT] ✅ الدورة مكتملة.
2026-10-01 19:22:32,766 [INFO] 🔍 فحص ETH/USDT...
2026-10-01 19:22:33,632 [INFO] 👤 [Shadow QDS] ETH/USDT | Legacy: BUY | QDS: WAIT | QDS WAIT: لا يوجد تقاطع EMA صاعد طازج (Regime: SIDEWAYS)
2026-10-01 19:22:33,632 [INFO] [ETH/USDT] ✅ الدورة مكتملة.
2026-10-01 19:22:33,632 [INFO] 🔍 فحص SOL/USDT...
2026-10-01 19:22:34,358 [INFO] 👤 [Shadow QDS] SOL/USDT | Legacy: WAIT | QDS: WAIT | QDS WAIT: لا يوجد تقاطع EMA صاعد طازج (Regime: SIDEWAYS)
2026-10-01 19:22:34,358 [INFO] [SOL/USDT] ✅ الدورة مكتملة.
2026-10-01 19:22:34,358 [INFO] 🔍 فحص LINK/USDT...
2026-10-01 19:22:35,085 [INFO] 👤 [Shadow QDS] LINK/USDT | Legacy: WAIT | QDS: WAIT | QDS WAIT: لا يوجد تقاطع EMA صاعد طازج (Regime: TRENDING_UP)
2026-10-01 19:22:35,085 [INFO] [LINK/USDT] ✅ الدورة مكتملة.
2026-10-01 19:22:35,085 [INFO] 🔍 فحص BNB/USDT...
2026-10-01 19:22:35,811 [INFO] 👤 [Shadow QDS] BNB/USDT | Legacy: WAIT | QDS: WAIT | QDS WAIT: لا يوجد تقاطع EMA صاعد طازج (Regime: SIDEWAYS)
2026-10-01 19:22:35,811 [INFO] [BNB/USDT] ✅ الدورة مكتملة.
2026-10-01 19:22:35,811 [INFO] ✅ انتهت جميع الدورات.
2026-10-01 23:21:50,010 [INFO] ============================================================
2026-10-01 23:21:50,011 [INFO] 🤖 GitHub Actions — بدء الدورة لكل الأزواج
2026-10-01 23:21:50,011 [INFO] ============================================================
2026-10-01 23:21:50,011 [INFO] 🔍 فحص BTC/USDT...
2026-10-01 23:21:52,869 [INFO] 📊 [BTC/USDT] شمعة مغلقة [2026-10-01 16:00:00+00:00] | Close: $84,675.36 | Fast EMA: 83992.36 | Slow EMA: 83832.36 | RSI: 58.9 | ATR: 927.96 | Daily Trend Up: True
2026-10-01 23:21:53,397 [INFO] 👤 [Shadow QDS] BTC/USDT | Legacy: BUY | QDS: WAIT | QDS WAIT: لا يوجد تقاطع EMA صاعد طازج (Regime: SIDEWAYS)
2026-10-01 23:21:53,397 [INFO] [BTC/USDT] ✅ الدورة مكتملة.
2026-10-01 23:21:53,397 [INFO] 🔍 فحص ETH/USDT...
2026-10-01 23:21:53,904 [INFO] 📊 [ETH/USDT] شمعة مغلقة [2026-10-01 16:00:00+00:00] | Close: $2,700.70 | Fast EMA: 2690.41 | Slow EMA: 2686.47 | RSI: 52.9 | ATR: 36.09 | Daily Trend Up: True
2026-10-01 23:21:54,421 [INFO] 👤 [Shadow QDS] ETH/USDT | Legacy: BUY | QDS: WAIT | QDS WAIT: لا يوجد تقاطع EMA صاعد طازج (Regime: SIDEWAYS)
2026-10-01 23:21:54,421 [INFO] [ETH/USDT] ✅ الدورة مكتملة.
2026-10-01 23:21:54,422 [INFO] 🔍 فحص SOL/USDT...
2026-10-01 23:21:54,765 [INFO] 📊 [SOL/USDT] شمعة مغلقة [2026-10-01 16:00:00+00:00] | Close: $118.31 | Fast EMA: 118.13 | Slow EMA: 118.67 | RSI: 48.4 | ATR: 2.17 | Daily Trend Up: True
2026-10-01 23:21:55,281 [INFO] 👤 [Shadow QDS] SOL/USDT | Legacy: WAIT | QDS: WAIT | QDS WAIT: لا يوجد تقاطع EMA صاعد طازج (Regime: SIDEWAYS)
2026-10-01 23:21:55,281 [INFO] [SOL/USDT] ✅ الدورة مكتملة.
2026-10-01 23:21:55,281 [INFO] 🔍 فحص LINK/USDT...
2026-10-01 23:21:55,625 [INFO] 📊 [LINK/USDT] شمعة مغلقة [2026-10-01 16:00:00+00:00] | Close: $14.45 | Fast EMA: 14.39 | Slow EMA: 14.30 | RSI: 52.3 | ATR: 0.40 | Daily Trend Up: True
2026-10-01 23:21:56,141 [INFO] 👤 [Shadow QDS] LINK/USDT | Legacy: WAIT | QDS: WAIT | QDS WAIT: لا يوجد تقاطع EMA صاعد طازج (Regime: TRENDING_UP)
2026-10-01 23:21:56,141 [INFO] [LINK/USDT] ✅ الدورة مكتملة.
2026-10-01 23:21:56,141 [INFO] 🔍 فحص BNB/USDT...
2026-10-01 23:21:56,484 [INFO] 📊 [BNB/USDT] شمعة مغلقة [2026-10-01 16:00:00+00:00] | Close: $769.57 | Fast EMA: 767.31 | Slow EMA: 767.27 | RSI: 52.3 | ATR: 8.85 | Daily Trend Up: True
2026-10-01 23:21:56,804 [WARNING] ⚠️ فشل استدعاء Gemini API: HTTP Error 404: Not Found
2026-10-01 23:21:56,917 [WARNING] ⚠️ فشل استدعاء Gemini API: HTTP Error 404: Not Found
2026-10-01 23:21:57,262 [INFO] 🚀 [BNB/USDT] فتح صفقة @ $770.99
2026-10-01 23:21:57,777 [INFO] 👤 [Shadow QDS] BNB/USDT | Legacy: BUY | QDS: WAIT | QDS WAIT: مخاطرة المحفظة: تم الوصول للحد الأقصى للصفقات المفتوحة (3/3) (Regime: SIDEWAYS)
2026-10-01 23:21:57,777 [INFO] [BNB/USDT] ✅ الدورة مكتملة.
2026-10-01 23:21:57,900 [WARNING] ⚠️ فشل استدعاء Gemini API: HTTP Error 404: Not Found
2026-10-01 23:21:58,180 [INFO] 💓 [BTC/USDT] نبضة حياة (uptime: 0.0h)
2026-10-01 23:21:58,301 [WARNING] ⚠️ فشل استدعاء Gemini API: HTTP Error 404: Not Found
2026-10-01 23:21:58,604 [INFO] 💓 [ETH/USDT] نبضة حياة (uptime: 0.0h)
2026-10-01 23:21:58,605 [INFO] ✅ انتهت جميع الدورات.
2026-10-02 02:29:38,041 [INFO] ============================================================
2026-10-02 02:29:38,041 [INFO] 🤖 GitHub Actions — بدء الدورة لكل الأزواج
2026-10-02 02:29:38,041 [INFO] ============================================================
2026-10-02 02:29:38,041 [INFO] 🔍 فحص BTC/USDT...
2026-10-02 02:29:40,199 [INFO] 📊 [BTC/USDT] شمعة مغلقة [2026-10-01 20:00:00+00:00] | Close: $84,880.05 | Fast EMA: 84189.62 | Slow EMA: 83899.95 | RSI: 60.6 | ATR: 890.72 | Daily Trend Up: True
2026-10-02 02:29:40,541 [INFO] 👤 [Shadow QDS] BTC/USDT | Legacy: BUY | QDS: WAIT | QDS WAIT: لا يوجد تقاطع EMA صاعد طازج · مخاطرة المحفظة: تم الوصول للحد الأقصى للصفقات المفتوحة (3/3) (Regime: TRENDING_UP)
2026-10-02 02:29:40,541 [INFO] [BTC/USDT] ✅ الدورة مكتملة.
2026-10-02 02:29:40,541 [INFO] 🔍 فحص ETH/USDT...
2026-10-02 02:29:40,864 [INFO] 📊 [ETH/USDT] شمعة مغلقة [2026-10-01 20:00:00+00:00] | Close: $2,706.42 | Fast EMA: 2693.96 | Slow EMA: 2687.76 | RSI: 54.1 | ATR: 34.78 | Daily Trend Up: True
2026-10-02 02:29:41,198 [INFO] 👤 [Shadow QDS] ETH/USDT | Legacy: BUY | QDS: WAIT | QDS WAIT: لا يوجد تقاطع EMA صاعد طازج · مخاطرة المحفظة: تم الوصول للحد الأقصى للصفقات المفتوحة (3/3) (Regime: SIDEWAYS)
2026-10-02 02:29:41,198 [INFO] [ETH/USDT] ✅ الدورة مكتملة.
2026-10-02 02:29:41,198 [INFO] 🔍 فحص SOL/USDT...
2026-10-02 02:29:41,420 [INFO] 📊 [SOL/USDT] شمعة مغلقة [2026-10-01 20:00:00+00:00] | Close: $118.41 | Fast EMA: 118.19 | Slow EMA: 118.65 | RSI: 48.8 | ATR: 2.10 | Daily Trend Up: True
2026-10-02 02:29:41,751 [INFO] 👤 [Shadow QDS] SOL/USDT | Legacy: WAIT | QDS: WAIT | QDS WAIT: لا يوجد تقاطع EMA صاعد طازج · مخاطرة المحفظة: تم الوصول للحد الأقصى للصفقات المفتوحة (3/3) (Regime: SIDEWAYS)
2026-10-02 02:29:41,751 [INFO] [SOL/USDT] ✅ الدورة مكتملة.
2026-10-02 02:29:41,752 [INFO] 🔍 فحص LINK/USDT...
2026-10-02 02:29:41,973 [INFO] 📊 [LINK/USDT] شمعة مغلقة [2026-10-01 20:00:00+00:00] | Close: $14.39 | Fast EMA: 14.39 | Slow EMA: 14.31 | RSI: 51.0 | ATR: 0.39 | Daily Trend Up: True
2026-10-02 02:29:42,304 [INFO] 👤 [Shadow QDS] LINK/USDT | Legacy: WAIT | QDS: WAIT | QDS WAIT: لا يوجد تقاطع EMA صاعد طازج · مخاطرة المحفظة: تم الوصول للحد الأقصى للصفقات المفتوحة (3/3) (Regime: SIDEWAYS)
2026-10-02 02:29:42,304 [INFO] [LINK/USDT] ✅ الدورة مكتملة.
2026-10-02 02:29:42,304 [INFO] 🔍 فحص BNB/USDT...
2026-10-02 02:29:42,407 [INFO] ↗️ [BNB/USDT] رفع وقف الخسارة المتحرك: $753.29 -> $754.44 (قمة جديدة: $772.14)
2026-10-02 02:29:42,628 [INFO] 📊 [BNB/USDT] شمعة مغلقة [2026-10-01 20:00:00+00:00] | Close: $771.75 | Fast EMA: 768.29 | Slow EMA: 767.56 | RSI: 54.2 | ATR: 8.44 | Daily Trend Up: True
2026-10-02 02:29:42,961 [INFO] 👤 [Shadow QDS] BNB/USDT | Legacy: BUY | QDS: WAIT | QDS WAIT: لا يوجد تقاطع EMA صاعد طازج · مخاطرة المحفظة: تم الوصول للحد الأقصى للصفقات المفتوحة (3/3) (Regime: SIDEWAYS)
2026-10-02 02:29:42,961 [INFO] [BNB/USDT] ✅ الدورة مكتملة.
2026-10-02 02:29:43,153 [WARNING] ⚠️ فشل استدعاء Gemini API: HTTP Error 404: Not Found
2026-10-02 02:29:43,710 [INFO] 💓 [SOL/USDT] نبضة حياة (uptime: 0.0h)
2026-10-02 02:29:43,855 [WARNING] ⚠️ فشل استدعاء Gemini API: HTTP Error 404: Not Found
2026-10-02 02:29:44,330 [INFO] 💓 [LINK/USDT] نبضة حياة (uptime: 0.0h)
2026-10-02 02:29:44,453 [WARNING] ⚠️ فشل استدعاء Gemini API: HTTP Error 404: Not Found
2026-10-02 02:29:44,963 [INFO] 💓 [BNB/USDT] نبضة حياة (uptime: 0.0h)
2026-10-02 02:29:44,964 [INFO] ✅ انتهت جميع الدورات.
2026-10-02 08:55:52,427 [INFO] ============================================================
2026-10-02 08:55:52,428 [INFO] 🤖 GitHub Actions — بدء الدورة لكل الأزواج
2026-10-02 08:55:52,428 [INFO] ============================================================
2026-10-02 08:55:52,428 [INFO] 🔍 فحص BTC/USDT...
2026-10-02 08:55:54,400 [INFO] ↗️ [BTC/USDT] رفع وقف الخسارة المتحرك: $83,275.80 -> $84,509.41 (قمة جديدة: $86,322.00)
2026-10-02 08:55:54,666 [INFO] 📊 [BTC/USDT] شمعة مغلقة [2026-10-02 04:00:00+00:00] | Close: $86,089.65 | Fast EMA: 84840.57 | Slow EMA: 84138.57 | RSI: 69.1 | ATR: 941.84 | Daily Trend Up: True
2026-10-02 08:55:55,068 [INFO] 👤 [Shadow QDS] BTC/USDT | Legacy: BUY | QDS: WAIT | QDS WAIT: لا يوجد تقاطع EMA صاعد طازج · مخاطرة المحفظة: تم الوصول للحد الأقصى للصفقات المفتوحة (3/3) (Regime: TRENDING_UP)
2026-10-02 08:55:55,068 [INFO] [BTC/USDT] ✅ الدورة مكتملة.
2026-10-02 08:55:55,068 [INFO] 🔍 فحص ETH/USDT...
2026-10-02 08:55:55,192 [INFO] ↗️ [ETH/USDT] رفع وقف الخسارة المتحرك: $2,649.54 -> $2,686.45 (قمة جديدة: $2,756.23)
2026-10-02 08:55:55,455 [INFO] 📊 [ETH/USDT] شمعة مغلقة [2026-10-02 04:00:00+00:00] | Close: $2,737.29 | Fast EMA: 2708.03 | Slow EMA: 2692.88 | RSI: 59.9 | ATR: 34.61 | Daily Trend Up: True
2026-10-02 08:55:55,851 [INFO] 👤 [Shadow QDS] ETH/USDT | Legacy: BUY | QDS: WAIT | QDS WAIT: لا يوجد تقاطع EMA صاعد طازج · مخاطرة المحفظة: تم الوصول للحد الأقصى للصفقات المفتوحة (3/3) (Regime: TRENDING_UP)
2026-10-02 08:55:55,851 [INFO] [ETH/USDT] ✅ الدورة مكتملة.
2026-10-02 08:55:55,852 [INFO] 🔍 فحص SOL/USDT...
2026-10-02 08:55:56,114 [INFO] 📊 [SOL/USDT] شمعة مغلقة [2026-10-02 04:00:00+00:00] | Close: $121.72 | Fast EMA: 119.50 | Slow EMA: 119.00 | RSI: 60.8 | ATR: 2.23 | Daily Trend Up: True
2026-10-02 08:55:56,507 [INFO] 👤 [Shadow QDS] SOL/USDT | Legacy: WAIT | QDS: WAIT | QDS WAIT: لا يوجد تقاطع EMA صاعد طازج · مخاطرة المحفظة: تم الوصول للحد الأقصى للصفقات المفتوحة (3/3) (Regime: TRENDING_UP)
2026-10-02 08:55:56,507 [INFO] [SOL/USDT] ✅ الدورة مكتملة.
2026-10-02 08:55:56,507 [INFO] 🔍 فحص LINK/USDT...
2026-10-02 08:55:56,769 [INFO] 📊 [LINK/USDT] شمعة مغلقة [2026-10-02 04:00:00+00:00] | Close: $14.37 | Fast EMA: 14.40 | Slow EMA: 14.32 | RSI: 50.5 | ATR: 0.39 | Daily Trend Up: True
2026-10-02 08:55:57,163 [INFO] 👤 [Shadow QDS] LINK/USDT | Legacy: WAIT | QDS: WAIT | QDS WAIT: لا يوجد تقاطع EMA صاعد طازج · مخاطرة المحفظة: تم الوصول للحد الأقصى للصفقات المفتوحة (3/3) (Regime: SIDEWAYS)
2026-10-02 08:55:57,164 [INFO] [LINK/USDT] ✅ الدورة مكتملة.
2026-10-02 08:55:57,164 [INFO] 🔍 فحص BNB/USDT...
2026-10-02 08:55:57,286 [INFO] ↗️ [BNB/USDT] رفع وقف الخسارة المتحرك: $754.44 -> $760.55 (قمة جديدة: $778.25)
2026-10-02 08:55:57,549 [INFO] 📊 [BNB/USDT] شمعة مغلقة [2026-10-02 04:00:00+00:00] | Close: $776.31 | Fast EMA: 771.39 | Slow EMA: 768.63 | RSI: 58.0 | ATR: 8.43 | Daily Trend Up: True
2026-10-02 08:55:57,945 [INFO] 👤 [Shadow QDS] BNB/USDT | Legacy: BUY | QDS: WAIT | QDS WAIT: لا يوجد تقاطع EMA صاعد طازج · مخاطرة المحفظة: تم الوصول للحد الأقصى للصفقات المفتوحة (3/3) (Regime: SIDEWAYS)
2026-10-02 08:55:57,945 [INFO] [BNB/USDT] ✅ الدورة مكتملة.
2026-10-02 08:55:58,170 [WARNING] ⚠️ فشل استدعاء Gemini API: HTTP Error 404: Not Found
2026-10-02 08:55:58,666 [INFO] 💓 [BTC/USDT] نبضة حياة (uptime: 0.0h)
2026-10-02 08:55:58,810 [WARNING] ⚠️ فشل استدعاء Gemini API: HTTP Error 404: Not Found
2026-10-02 08:55:59,200 [INFO] 💓 [ETH/USDT] نبضة حياة (uptime: 0.0h)
2026-10-02 08:55:59,336 [WARNING] ⚠️ فشل استدعاء Gemini API: HTTP Error 404: Not Found
2026-10-02 08:55:59,727 [INFO] 💓 [SOL/USDT] نبضة حياة (uptime: 0.0h)
2026-10-02 08:55:59,862 [WARNING] ⚠️ فشل استدعاء Gemini API: HTTP Error 404: Not Found
2026-10-02 08:56:00,241 [INFO] 💓 [LINK/USDT] نبضة حياة (uptime: 0.0h)
2026-10-02 08:56:00,406 [WARNING] ⚠️ فشل استدعاء Gemini API: HTTP Error 404: Not Found
2026-10-02 08:56:00,789 [INFO] 💓 [BNB/USDT] نبضة حياة (uptime: 0.0h)
2026-10-02 08:56:00,789 [INFO] ✅ انتهت جميع الدورات.
2026-10-02 15:35:27,780 [INFO] ============================================================
2026-10-02 15:35:27,780 [INFO] 🤖 GitHub Actions — بدء الدورة لكل الأزواج
2026-10-02 15:35:27,780 [INFO] ============================================================
2026-10-02 15:35:27,781 [INFO] 🔍 فحص BTC/USDT...
2026-10-02 15:35:30,407 [INFO] 📊 [BTC/USDT] شمعة مغلقة [2026-10-02 08:00:00+00:00] | Close: $86,424.85 | Fast EMA: 85192.63 | Slow EMA: 84286.07 | RSI: 71.0 | ATR: 915.88 | Daily Trend Up: True
2026-10-02 15:35:30,922 [INFO] 👤 [Shadow QDS] BTC/USDT | Legacy: BUY | QDS: WAIT | QDS WAIT: لا يوجد تقاطع EMA صاعد طازج · مخاطرة المحفظة: تم الوصول للحد الأقصى للصفقات المفتوحة (3/3) (Regime: TRENDING_UP)
2026-10-02 15:35:30,923 [INFO] [BTC/USDT] ✅ الدورة مكتملة.
2026-10-02 15:35:30,923 [INFO] 🔍 فحص ETH/USDT...
2026-10-02 15:35:31,418 [INFO] 📊 [ETH/USDT] شمعة مغلقة [2026-10-02 08:00:00+00:00] | Close: $2,746.63 | Fast EMA: 2716.61 | Slow EMA: 2696.34 | RSI: 61.5 | ATR: 35.07 | Daily Trend Up: True
2026-10-02 15:35:31,925 [INFO] 👤 [Shadow QDS] ETH/USDT | Legacy: BUY | QDS: WAIT | QDS WAIT: لا يوجد تقاطع EMA صاعد طازج · مخاطرة المحفظة: تم الوصول للحد الأقصى للصفقات المفتوحة (3/3) (Regime: TRENDING_UP)
2026-10-02 15:35:31,925 [INFO] [ETH/USDT] ✅ الدورة مكتملة.
2026-10-02 15:35:31,926 [INFO] 🔍 فحص SOL/USDT...
2026-10-02 15:35:32,261 [INFO] 📊 [SOL/USDT] شمعة مغلقة [2026-10-02 08:00:00+00:00] | Close: $121.82 | Fast EMA: 120.02 | Slow EMA: 119.19 | RSI: 61.1 | ATR: 2.19 | Daily Trend Up: True
2026-10-02 15:35:32,767 [INFO] 👤 [Shadow QDS] SOL/USDT | Legacy: WAIT | QDS: WAIT | QDS WAIT: لا يوجد تقاطع EMA صاعد طازج · مخاطرة المحفظة: تم الوصول للحد الأقصى للصفقات المفتوحة (3/3) (Regime: TRENDING_UP)
2026-10-02 15:35:32,767 [INFO] [SOL/USDT] ✅ الدورة مكتملة.
2026-10-02 15:35:32,767 [INFO] 🔍 فحص LINK/USDT...
2026-10-02 15:35:33,103 [INFO] 📊 [LINK/USDT] شمعة مغلقة [2026-10-02 08:00:00+00:00] | Close: $14.40 | Fast EMA: 14.40 | Slow EMA: 14.32 | RSI: 51.1 | ATR: 0.37 | Daily Trend Up: True
2026-10-02 15:35:33,611 [INFO] 👤 [Shadow QDS] LINK/USDT | Legacy: WAIT | QDS: WAIT | QDS WAIT: لا يوجد تقاطع EMA صاعد طازج · مخاطرة المحفظة: تم الوصول للحد الأقصى للصفقات المفتوحة (3/3) (Regime: SIDEWAYS)
2026-10-02 15:35:33,611 [INFO] [LINK/USDT] ✅ الدورة مكتملة.
2026-10-02 15:35:33,611 [INFO] 🔍 فحص BNB/USDT...
2026-10-02 15:35:34,107 [INFO] 📊 [BNB/USDT] شمعة مغلقة [2026-10-02 08:00:00+00:00] | Close: $778.00 | Fast EMA: 772.86 | Slow EMA: 769.24 | RSI: 59.4 | ATR: 8.27 | Daily Trend Up: True
2026-10-02 15:35:34,615 [INFO] 👤 [Shadow QDS] BNB/USDT | Legacy: BUY | QDS: WAIT | QDS WAIT: لا يوجد تقاطع EMA صاعد طازج · مخاطرة المحفظة: تم الوصول للحد الأقصى للصفقات المفتوحة (3/3) (Regime: SIDEWAYS)
2026-10-02 15:35:34,616 [INFO] [BNB/USDT] ✅ الدورة مكتملة.
2026-10-02 15:35:34,762 [WARNING] ⚠️ فشل استدعاء Gemini API: HTTP Error 404: Not Found
2026-10-02 15:35:35,128 [INFO] 💓 [BTC/USDT] نبضة حياة (uptime: 0.0h)
2026-10-02 15:35:35,237 [WARNING] ⚠️ فشل استدعاء Gemini API: HTTP Error 404: Not Found
2026-10-02 15:35:35,593 [INFO] 💓 [ETH/USDT] نبضة حياة (uptime: 0.0h)
2026-10-02 15:35:35,707 [WARNING] ⚠️ فشل استدعاء Gemini API: HTTP Error 404: Not Found
2026-10-02 15:35:36,000 [INFO] 💓 [SOL/USDT] نبضة حياة (uptime: 0.0h)
2026-10-02 15:35:36,105 [WARNING] ⚠️ فشل استدعاء Gemini API: HTTP Error 404: Not Found
2026-10-02 15:35:36,397 [INFO] 💓 [LINK/USDT] نبضة حياة (uptime: 0.0h)
2026-10-02 15:35:36,513 [WARNING] ⚠️ فشل استدعاء Gemini API: HTTP Error 404: Not Found
2026-10-02 15:35:36,860 [INFO] 💓 [BNB/USDT] نبضة حياة (uptime: 0.0h)
2026-10-02 15:35:36,860 [INFO] ✅ انتهت جميع الدورات.
2026-10-02 20:08:55,798 [INFO] ============================================================
2026-10-02 20:08:55,798 [INFO] 🤖 GitHub Actions — بدء الدورة لكل الأزواج
2026-10-02 20:08:55,798 [INFO] ============================================================
2026-10-02 20:08:55,798 [INFO] 🔍 فحص BTC/USDT...
2026-10-02 20:08:58,510 [INFO] 🚨 [BTC/USDT] إغلاق لحظي: STOP LOSS 🔴 (Live Hit) @ $84,450.26
2026-10-02 20:08:58,841 [INFO] 📊 [BTC/USDT] شمعة مغلقة [2026-10-02 16:00:00+00:00] | Close: $84,315.28 | Fast EMA: 85020.71 | Slow EMA: 84350.72 | RSI: 49.3 | ATR: 1041.86 | Daily Trend Up: True
2026-10-02 20:08:59,343 [INFO] 👤 [Shadow QDS] BTC/USDT | Legacy: WAIT | QDS: WAIT | QDS WAIT: لا يوجد تقاطع EMA صاعد طازج (Regime: TRENDING_UP)
2026-10-02 20:08:59,343 [INFO] [BTC/USDT] ✅ الدورة مكتملة.
2026-10-02 20:08:59,343 [INFO] 🔍 فحص ETH/USDT...
2026-10-02 20:08:59,801 [INFO] 🚨 [ETH/USDT] إغلاق لحظي: STOP LOSS 🔴 (Live Hit) @ $2,684.57
2026-10-02 20:09:00,131 [INFO] 📊 [ETH/USDT] شمعة مغلقة [2026-10-02 16:00:00+00:00] | Close: $2,668.04 | Fast EMA: 2702.49 | Slow EMA: 2694.58 | RSI: 44.6 | ATR: 39.19 | Daily Trend Up: True
2026-10-02 20:09:00,627 [INFO] 👤 [Shadow QDS] ETH/USDT | Legacy: WAIT | QDS: WAIT | QDS WAIT: لا يوجد تقاطع EMA صاعد طازج (Regime: TRENDING_UP)
2026-10-02 20:09:00,627 [INFO] [ETH/USDT] ✅ الدورة مكتملة.
2026-10-02 20:09:00,627 [INFO] 🔍 فحص SOL/USDT...
2026-10-02 20:09:00,954 [INFO] 📊 [SOL/USDT] شمعة مغلقة [2026-10-02 16:00:00+00:00] | Close: $118.00 | Fast EMA: 119.56 | Slow EMA: 119.16 | RSI: 45.5 | ATR: 2.37 | Daily Trend Up: True
2026-10-02 20:09:01,446 [INFO] 👤 [Shadow QDS] SOL/USDT | Legacy: WAIT | QDS: WAIT | QDS WAIT: لا يوجد تقاطع EMA صاعد طازج (Regime: TRENDING_UP)
2026-10-02 20:09:01,447 [INFO] [SOL/USDT] ✅ الدورة مكتملة.
2026-10-02 20:09:01,447 [INFO] 🔍 فحص LINK/USDT...
2026-10-02 20:09:01,775 [INFO] 📊 [LINK/USDT] شمعة مغلقة [2026-10-02 16:00:00+00:00] | Close: $13.59 | Fast EMA: 14.19 | Slow EMA: 14.27 | RSI: 35.9 | ATR: 0.43 | Daily Trend Up: True
2026-10-02 20:09:02,268 [INFO] 👤 [Shadow QDS] LINK/USDT | Legacy: WAIT | QDS: WAIT | QDS WAIT: لا يوجد تقاطع EMA صاعد طازج · RSI (35.9) أقل من 40 (Regime: SIDEWAYS)
2026-10-02 20:09:02,268 [INFO] [LINK/USDT] ✅ الدورة مكتملة.
2026-10-02 20:09:02,268 [INFO] 🔍 فحص BNB/USDT...
2026-10-02 20:09:02,751 [INFO] 📊 [BNB/USDT] شمعة مغلقة [2026-10-02 16:00:00+00:00] | Close: $766.28 | Fast EMA: 771.50 | Slow EMA: 769.30 | RSI: 46.9 | ATR: 9.03 | Daily Trend Up: True
2026-10-02 20:09:03,246 [INFO] 👤 [Shadow QDS] BNB/USDT | Legacy: BUY | QDS: WAIT | QDS WAIT: لا يوجد تقاطع EMA صاعد طازج (Regime: SIDEWAYS)
2026-10-02 20:09:03,246 [INFO] [BNB/USDT] ✅ الدورة مكتملة.
2026-10-02 20:09:03,247 [INFO] ✅ انتهت جميع الدورات.
2026-10-02 23:48:13,585 [INFO] ============================================================
2026-10-02 23:48:13,586 [INFO] 🤖 GitHub Actions — بدء الدورة لكل الأزواج
2026-10-02 23:48:13,586 [INFO] ============================================================
2026-10-02 23:48:13,586 [INFO] 🔍 فحص BTC/USDT...
2026-10-02 23:48:16,532 [INFO] 👤 [Shadow QDS] BTC/USDT | Legacy: WAIT | QDS: WAIT | QDS WAIT: لا يوجد تقاطع EMA صاعد طازج (Regime: TRENDING_UP)
2026-10-02 23:48:16,532 [INFO] [BTC/USDT] ✅ الدورة مكتملة.
2026-10-02 23:48:16,532 [INFO] 🔍 فحص ETH/USDT...
2026-10-02 23:48:17,385 [INFO] 👤 [Shadow QDS] ETH/USDT | Legacy: WAIT | QDS: WAIT | QDS WAIT: لا يوجد تقاطع EMA صاعد طازج (Regime: TRENDING_UP)
2026-10-02 23:48:17,385 [INFO] [ETH/USDT] ✅ الدورة مكتملة.
2026-10-02 23:48:17,385 [INFO] 🔍 فحص SOL/USDT...
2026-10-02 23:48:18,235 [INFO] 👤 [Shadow QDS] SOL/USDT | Legacy: WAIT | QDS: WAIT | QDS WAIT: لا يوجد تقاطع EMA صاعد طازج (Regime: TRENDING_UP)
2026-10-02 23:48:18,235 [INFO] [SOL/USDT] ✅ الدورة مكتملة.
2026-10-02 23:48:18,235 [INFO] 🔍 فحص LINK/USDT...
2026-10-02 23:48:19,087 [INFO] 👤 [Shadow QDS] LINK/USDT | Legacy: WAIT | QDS: WAIT | QDS WAIT: لا يوجد تقاطع EMA صاعد طازج · RSI (35.9) أقل من 40 (Regime: SIDEWAYS)
2026-10-02 23:48:19,087 [INFO] [LINK/USDT] ✅ الدورة مكتملة.
2026-10-02 23:48:19,087 [INFO] 🔍 فحص BNB/USDT...
2026-10-02 23:48:20,101 [INFO] 👤 [Shadow QDS] BNB/USDT | Legacy: BUY | QDS: WAIT | QDS WAIT: لا يوجد تقاطع EMA صاعد طازج (Regime: SIDEWAYS)
2026-10-02 23:48:20,101 [INFO] [BNB/USDT] ✅ الدورة مكتملة.
2026-10-02 23:48:20,254 [WARNING] ⚠️ فشل استدعاء Gemini API: HTTP Error 404: Not Found
2026-10-02 23:48:20,534 [INFO] 💓 [BTC/USDT] نبضة حياة (uptime: 0.0h)
2026-10-02 23:48:20,655 [WARNING] ⚠️ فشل استدعاء Gemini API: HTTP Error 404: Not Found
2026-10-02 23:48:20,954 [INFO] 💓 [ETH/USDT] نبضة حياة (uptime: 0.0h)
2026-10-02 23:48:21,060 [WARNING] ⚠️ فشل استدعاء Gemini API: HTTP Error 404: Not Found
2026-10-02 23:48:21,362 [INFO] 💓 [SOL/USDT] نبضة حياة (uptime: 0.0h)
2026-10-02 23:48:21,459 [WARNING] ⚠️ فشل استدعاء Gemini API: HTTP Error 404: Not Found
2026-10-02 23:48:21,740 [INFO] 💓 [LINK/USDT] نبضة حياة (uptime: 0.0h)
2026-10-02 23:48:21,856 [WARNING] ⚠️ فشل استدعاء Gemini API: HTTP Error 404: Not Found
2026-10-02 23:48:22,161 [INFO] 💓 [BNB/USDT] نبضة حياة (uptime: 0.0h)
2026-10-02 23:48:22,162 [INFO] ✅ انتهت جميع الدورات.
2026-10-03 04:32:48,301 [INFO] ============================================================
2026-10-03 04:32:48,301 [INFO] 🤖 GitHub Actions — بدء الدورة لكل الأزواج
2026-10-03 04:32:48,301 [INFO] ============================================================
2026-10-03 04:32:48,301 [INFO] 🔍 فحص BTC/USDT...
2026-10-03 04:32:50,264 [INFO] 📊 [BTC/USDT] شمعة مغلقة [2026-10-03 00:00:00+00:00] | Close: $84,699.56 | Fast EMA: 84862.46 | Slow EMA: 84383.32 | RSI: 52.4 | ATR: 940.98 | Daily Trend Up: True
2026-10-03 04:32:50,670 [INFO] 👤 [Shadow QDS] BTC/USDT | Legacy: WAIT | QDS: WAIT | QDS WAIT: لا يوجد تقاطع EMA صاعد طازج (Regime: TRENDING_UP)
2026-10-03 04:32:50,670 [INFO] [BTC/USDT] ✅ الدورة مكتملة.
2026-10-03 04:32:50,670 [INFO] 🔍 فحص ETH/USDT...
2026-10-03 04:32:50,933 [INFO] 📊 [ETH/USDT] شمعة مغلقة [2026-10-03 00:00:00+00:00] | Close: $2,682.04 | Fast EMA: 2692.09 | Slow EMA: 2692.20 | RSI: 47.7 | ATR: 36.08 | Daily Trend Up: True
2026-10-03 04:32:51,331 [INFO] 👤 [Shadow QDS] ETH/USDT | Legacy: WAIT | QDS: WAIT | QDS WAIT: لا يوجد تقاطع EMA صاعد طازج (Regime: SIDEWAYS)
2026-10-03 04:32:51,331 [INFO] [ETH/USDT] ✅ الدورة مكتملة.
2026-10-03 04:32:51,331 [INFO] 🔍 فحص SOL/USDT...
2026-10-03 04:32:51,593 [INFO] 📊 [SOL/USDT] شمعة مغلقة [2026-10-03 00:00:00+00:00] | Close: $119.40 | Fast EMA: 119.37 | Slow EMA: 119.14 | RSI: 50.8 | ATR: 2.20 | Daily Trend Up: True
2026-10-03 04:32:51,988 [INFO] 👤 [Shadow QDS] SOL/USDT | Legacy: WAIT | QDS: WAIT | QDS WAIT: لا يوجد تقاطع EMA صاعد طازج (Regime: TRENDING_UP)
2026-10-03 04:32:51,988 [INFO] [SOL/USDT] ✅ الدورة مكتملة.
2026-10-03 04:32:51,989 [INFO] 🔍 فحص LINK/USDT...
2026-10-03 04:32:52,250 [INFO] 📊 [LINK/USDT] شمعة مغلقة [2026-10-03 00:00:00+00:00] | Close: $13.94 | Fast EMA: 14.07 | Slow EMA: 14.22 | RSI: 44.1 | ATR: 0.40 | Daily Trend Up: True
2026-10-03 04:32:52,645 [INFO] 👤 [Shadow QDS] LINK/USDT | Legacy: WAIT | QDS: WAIT | QDS WAIT: لا يوجد تقاطع EMA صاعد طازج (Regime: SIDEWAYS)
2026-10-03 04:32:52,645 [INFO] [LINK/USDT] ✅ الدورة مكتملة.
2026-10-03 04:32:52,646 [INFO] 🔍 فحص BNB/USDT...
2026-10-03 04:32:53,030 [INFO] 📊 [BNB/USDT] شمعة مغلقة [2026-10-03 00:00:00+00:00] | Close: $768.36 | Fast EMA: 770.24 | Slow EMA: 769.18 | RSI: 49.1 | ATR: 8.29 | Daily Trend Up: True
2026-10-03 04:32:53,428 [INFO] 👤 [Shadow QDS] BNB/USDT | Legacy: BUY | QDS: WAIT | QDS WAIT: لا يوجد تقاطع EMA صاعد طازج (Regime: SIDEWAYS)
2026-10-03 04:32:53,429 [INFO] [BNB/USDT] ✅ الدورة مكتملة.
2026-10-03 04:32:53,429 [INFO] ✅ انتهت جميع الدورات.
2026-10-03 10:04:23,629 [INFO] ============================================================
2026-10-03 10:04:23,629 [INFO] 🤖 GitHub Actions — بدء الدورة لكل الأزواج
2026-10-03 10:04:23,629 [INFO] ============================================================
2026-10-03 10:04:23,629 [INFO] 🔍 فحص BTC/USDT...
2026-10-03 10:04:25,556 [INFO] 📊 [BTC/USDT] شمعة مغلقة [2026-10-03 04:00:00+00:00] | Close: $84,560.00 | Fast EMA: 84795.25 | Slow EMA: 84394.72 | RSI: 51.1 | ATR: 888.06 | Daily Trend Up: True
2026-10-03 10:04:25,922 [INFO] 👤 [Shadow QDS] BTC/USDT | Legacy: WAIT | QDS: WAIT | QDS WAIT: لا يوجد تقاطع EMA صاعد طازج (Regime: TRENDING_UP)
2026-10-03 10:04:25,922 [INFO] [BTC/USDT] ✅ الدورة مكتملة.
2026-10-03 10:04:25,922 [INFO] 🔍 فحص ETH/USDT...
2026-10-03 10:04:26,158 [INFO] 📊 [ETH/USDT] شمعة مغلقة [2026-10-03 04:00:00+00:00] | Close: $2,681.51 | Fast EMA: 2689.74 | Slow EMA: 2691.51 | RSI: 47.6 | ATR: 34.30 | Daily Trend Up: True
2026-10-03 10:04:26,517 [INFO] 👤 [Shadow QDS] ETH/USDT | Legacy: WAIT | QDS: WAIT | QDS WAIT: لا يوجد تقاطع EMA صاعد طازج (Regime: SIDEWAYS)
2026-10-03 10:04:26,518 [INFO] [ETH/USDT] ✅ الدورة مكتملة.
2026-10-03 10:04:26,518 [INFO] 🔍 فحص SOL/USDT...
2026-10-03 10:04:26,755 [INFO] 📊 [SOL/USDT] شمعة مغلقة [2026-10-03 04:00:00+00:00] | Close: $119.34 | Fast EMA: 119.36 | Slow EMA: 119.15 | RSI: 50.6 | ATR: 2.11 | Daily Trend Up: True
2026-10-03 10:04:27,111 [INFO] 👤 [Shadow QDS] SOL/USDT | Legacy: WAIT | QDS: WAIT | QDS WAIT: لا يوجد تقاطع EMA صاعد طازج (Regime: TRENDING_UP)
2026-10-03 10:04:27,111 [INFO] [SOL/USDT] ✅ الدورة مكتملة.
2026-10-03 10:04:27,111 [INFO] 🔍 فحص LINK/USDT...
2026-10-03 10:04:27,347 [INFO] 📊 [LINK/USDT] شمعة مغلقة [2026-10-03 04:00:00+00:00] | Close: $13.97 | Fast EMA: 14.04 | Slow EMA: 14.20 | RSI: 44.7 | ATR: 0.39 | Daily Trend Up: True
2026-10-03 10:04:27,703 [INFO] 👤 [Shadow QDS] LINK/USDT | Legacy: WAIT | QDS: WAIT | QDS WAIT: لا يوجد تقاطع EMA صاعد طازج (Regime: SIDEWAYS)
2026-10-03 10:04:27,703 [INFO] [LINK/USDT] ✅ الدورة مكتملة.
2026-10-03 10:04:27,703 [INFO] 🔍 فحص BNB/USDT...
2026-10-03 10:04:28,047 [INFO] 📊 [BNB/USDT] شمعة مغلقة [2026-10-03 04:00:00+00:00] | Close: $765.35 | Fast EMA: 769.15 | Slow EMA: 768.93 | RSI: 46.0 | ATR: 7.96 | Daily Trend Up: True
2026-10-03 10:04:28,405 [INFO] 👤 [Shadow QDS] BNB/USDT | Legacy: BUY | QDS: WAIT | QDS WAIT: لا يوجد تقاطع EMA صاعد طازج (Regime: SIDEWAYS)
2026-10-03 10:04:28,406 [INFO] [BNB/USDT] ✅ الدورة مكتملة.
2026-10-03 10:04:28,596 [WARNING] ⚠️ فشل استدعاء Gemini API: HTTP Error 404: Not Found
2026-10-03 10:04:29,214 [INFO] 💓 [BTC/USDT] نبضة حياة (uptime: 0.0h)
2026-10-03 10:04:29,373 [WARNING] ⚠️ فشل استدعاء Gemini API: HTTP Error 404: Not Found
2026-10-03 10:04:29,853 [INFO] 💓 [ETH/USDT] نبضة حياة (uptime: 0.0h)
2026-10-03 10:04:29,990 [WARNING] ⚠️ فشل استدعاء Gemini API: HTTP Error 404: Not Found
2026-10-03 10:04:30,480 [INFO] 💓 [SOL/USDT] نبضة حياة (uptime: 0.0h)
2026-10-03 10:04:30,613 [WARNING] ⚠️ فشل استدعاء Gemini API: HTTP Error 404: Not Found
2026-10-03 10:04:31,102 [INFO] 💓 [LINK/USDT] نبضة حياة (uptime: 0.0h)
2026-10-03 10:04:31,256 [WARNING] ⚠️ فشل استدعاء Gemini API: HTTP Error 404: Not Found
2026-10-03 10:04:31,717 [INFO] 💓 [BNB/USDT] نبضة حياة (uptime: 0.0h)
2026-10-03 10:04:31,718 [INFO] ✅ انتهت جميع الدورات.
2026-10-03 14:44:35,868 [INFO] ============================================================
2026-10-03 14:44:35,869 [INFO] 🤖 GitHub Actions — بدء الدورة لكل الأزواج
2026-10-03 14:44:35,869 [INFO] ============================================================
2026-10-03 14:44:35,869 [INFO] 🔍 فحص BTC/USDT...
2026-10-03 14:44:38,108 [INFO] 📊 [BTC/USDT] شمعة مغلقة [2026-10-03 08:00:00+00:00] | Close: $84,672.01 | Fast EMA: 84767.86 | Slow EMA: 84412.61 | RSI: 52.1 | ATR: 834.53 | Daily Trend Up: True
2026-10-03 14:44:38,666 [INFO] 👤 [Shadow QDS] BTC/USDT | Legacy: WAIT | QDS: WAIT | QDS WAIT: لا يوجد تقاطع EMA صاعد طازج (Regime: TRENDING_UP)
2026-10-03 14:44:38,666 [INFO] [BTC/USDT] ✅ الدورة مكتملة.
2026-10-03 14:44:38,666 [INFO] 🔍 فحص ETH/USDT...
2026-10-03 14:44:39,032 [INFO] 📊 [ETH/USDT] شمعة مغلقة [2026-10-03 08:00:00+00:00] | Close: $2,684.55 | Fast EMA: 2688.58 | Slow EMA: 2691.06 | RSI: 48.3 | ATR: 32.48 | Daily Trend Up: True
2026-10-03 14:44:39,522 [INFO] 👤 [Shadow QDS] ETH/USDT | Legacy: WAIT | QDS: WAIT | QDS WAIT: لا يوجد تقاطع EMA صاعد طازج (Regime: SIDEWAYS)
2026-10-03 14:44:39,523 [INFO] [ETH/USDT] ✅ الدورة مكتملة.
2026-10-03 14:44:39,523 [INFO] 🔍 فحص SOL/USDT...
2026-10-03 14:44:39,887 [INFO] 📊 [SOL/USDT] شمعة مغلقة [2026-10-03 08:00:00+00:00] | Close: $119.31 | Fast EMA: 119.35 | Slow EMA: 119.16 | RSI: 50.5 | ATR: 2.00 | Daily Trend Up: True
2026-10-03 14:44:40,493 [INFO] 👤 [Shadow QDS] SOL/USDT | Legacy: WAIT | QDS: WAIT | QDS WAIT: لا يوجد تقاطع EMA صاعد طازج (Regime: TRENDING_UP)
2026-10-03 14:44:40,493 [INFO] [SOL/USDT] ✅ الدورة مكتملة.
2026-10-03 14:44:40,493 [INFO] 🔍 فحص LINK/USDT...
2026-10-03 14:44:40,781 [INFO] 📊 [LINK/USDT] شمعة مغلقة [2026-10-03 08:00:00+00:00] | Close: $13.92 | Fast EMA: 14.02 | Slow EMA: 14.19 | RSI: 43.8 | ATR: 0.37 | Daily Trend Up: True
2026-10-03 14:44:41,214 [INFO] 👤 [Shadow QDS] LINK/USDT | Legacy: WAIT | QDS: WAIT | QDS WAIT: لا يوجد تقاطع EMA صاعد طازج (Regime: SIDEWAYS)
2026-10-03 14:44:41,214 [INFO] [LINK/USDT] ✅ الدورة مكتملة.
2026-10-03 14:44:41,214 [INFO] 🔍 فحص BNB/USDT...
2026-10-03 14:44:41,642 [INFO] 📊 [BNB/USDT] شمعة مغلقة [2026-10-03 08:00:00+00:00] | Close: $770.25 | Fast EMA: 769.40 | Slow EMA: 769.01 | RSI: 51.3 | ATR: 7.78 | Daily Trend Up: True
2026-10-03 14:44:42,076 [INFO] 👤 [Shadow QDS] BNB/USDT | Legacy: BUY | QDS: WAIT | QDS WAIT: لا يوجد تقاطع EMA صاعد طازج (Regime: SIDEWAYS)
2026-10-03 14:44:42,076 [INFO] [BNB/USDT] ✅ الدورة مكتملة.
2026-10-03 14:44:42,077 [INFO] ✅ انتهت جميع الدورات.
2026-10-03 18:19:32,121 [INFO] ============================================================
2026-10-03 18:19:32,121 [INFO] 🤖 GitHub Actions — بدء الدورة لكل الأزواج
2026-10-03 18:19:32,121 [INFO] ============================================================
2026-10-03 18:19:32,121 [INFO] 🔍 فحص BTC/USDT...
2026-10-03 18:19:34,799 [INFO] 📊 [BTC/USDT] شمعة مغلقة [2026-10-03 12:00:00+00:00] | Close: $84,867.28 | Fast EMA: 84789.95 | Slow EMA: 84441.95 | RSI: 53.9 | ATR: 795.65 | Daily Trend Up: True
2026-10-03 18:19:35,288 [INFO] 👤 [Shadow QDS] BTC/USDT | Legacy: WAIT | QDS: WAIT | QDS WAIT: لا يوجد تقاطع EMA صاعد طازج (Regime: TRENDING_UP)
2026-10-03 18:19:35,289 [INFO] [BTC/USDT] ✅ الدورة مكتملة.
2026-10-03 18:19:35,289 [INFO] 🔍 فحص ETH/USDT...
2026-10-03 18:19:35,604 [INFO] 📊 [ETH/USDT] شمعة مغلقة [2026-10-03 12:00:00+00:00] | Close: $2,681.69 | Fast EMA: 2687.05 | Slow EMA: 2690.46 | RSI: 47.6 | ATR: 30.88 | Daily Trend Up: True
2026-10-03 18:19:36,085 [INFO] 👤 [Shadow QDS] ETH/USDT | Legacy: WAIT | QDS: WAIT | QDS WAIT: لا يوجد تقاطع EMA صاعد طازج (Regime: SIDEWAYS)
2026-10-03 18:19:36,085 [INFO] [ETH/USDT] ✅ الدورة مكتملة.
2026-10-03 18:19:36,085 [INFO] 🔍 فحص SOL/USDT...
2026-10-03 18:19:36,401 [INFO] 📊 [SOL/USDT] شمعة مغلقة [2026-10-03 12:00:00+00:00] | Close: $119.71 | Fast EMA: 119.43 | Slow EMA: 119.20 | RSI: 52.2 | ATR: 1.91 | Daily Trend Up: True
2026-10-03 18:19:36,877 [INFO] 👤 [Shadow QDS] SOL/USDT | Legacy: WAIT | QDS: WAIT | QDS WAIT: لا يوجد تقاطع EMA صاعد طازج (Regime: TRENDING_UP)
2026-10-03 18:19:36,877 [INFO] [SOL/USDT] ✅ الدورة مكتملة.
2026-10-03 18:19:36,877 [INFO] 🔍 فحص LINK/USDT...
2026-10-03 18:19:37,192 [INFO] 📊 [LINK/USDT] شمعة مغلقة [2026-10-03 12:00:00+00:00] | Close: $13.83 | Fast EMA: 13.98 | Slow EMA: 14.16 | RSI: 42.0 | ATR: 0.35 | Daily Trend Up: True
2026-10-03 18:19:37,667 [INFO] 👤 [Shadow QDS] LINK/USDT | Legacy: WAIT | QDS: WAIT | QDS WAIT: لا يوجد تقاطع EMA صاعد طازج (Regime: SIDEWAYS)
2026-10-03 18:19:37,668 [INFO] [LINK/USDT] ✅ الدورة مكتملة.
2026-10-03 18:19:37,668 [INFO] 🔍 فحص BNB/USDT...
2026-10-03 18:19:37,816 [INFO] ↗️ [BNB/USDT] رفع وقف الخسارة المتحرك: $760.55 -> $770.30 (قمة جديدة: $788.00)
2026-10-03 18:19:38,132 [INFO] 📊 [BNB/USDT] شمعة مغلقة [2026-10-03 12:00:00+00:00] | Close: $778.66 | Fast EMA: 771.46 | Slow EMA: 769.64 | RSI: 58.8 | ATR: 7.92 | Daily Trend Up: True
2026-10-03 18:19:38,611 [INFO] 👤 [Shadow QDS] BNB/USDT | Legacy: BUY | QDS: WAIT | QDS WAIT: لا يوجد تقاطع EMA صاعد طازج (Regime: SIDEWAYS)
2026-10-03 18:19:38,611 [INFO] [BNB/USDT] ✅ الدورة مكتملة.
2026-10-03 18:19:38,751 [WARNING] ⚠️ فشل استدعاء Gemini API: HTTP Error 404: Not Found
2026-10-03 18:19:39,356 [INFO] 💓 [BTC/USDT] نبضة حياة (uptime: 0.0h)
2026-10-03 18:19:39,469 [WARNING] ⚠️ فشل استدعاء Gemini API: HTTP Error 404: Not Found
2026-10-03 18:19:40,846 [INFO] 💓 [ETH/USDT] نبضة حياة (uptime: 0.0h)
2026-10-03 18:19:40,952 [WARNING] ⚠️ فشل استدعاء Gemini API: HTTP Error 404: Not Found
2026-10-03 18:19:41,284 [INFO] 💓 [SOL/USDT] نبضة حياة (uptime: 0.0h)
2026-10-03 18:19:41,397 [WARNING] ⚠️ فشل استدعاء Gemini API: HTTP Error 404: Not Found
2026-10-03 18:19:41,819 [INFO] 💓 [LINK/USDT] نبضة حياة (uptime: 0.0h)
2026-10-03 18:19:41,921 [WARNING] ⚠️ فشل استدعاء Gemini API: HTTP Error 404: Not Found
2026-10-03 18:19:42,258 [INFO] 💓 [BNB/USDT] نبضة حياة (uptime: 0.0h)
2026-10-03 18:19:42,259 [INFO] ✅ انتهت جميع الدورات.
2026-10-03 21:40:04,980 [INFO] ============================================================
2026-10-03 21:40:04,980 [INFO] 🤖 GitHub Actions — بدء الدورة لكل الأزواج
2026-10-03 21:40:04,980 [INFO] ============================================================
2026-10-03 21:40:04,980 [INFO] 🔍 فحص BTC/USDT...
2026-10-03 21:40:06,881 [INFO] 📊 [BTC/USDT] شمعة مغلقة [2026-10-03 16:00:00+00:00] | Close: $84,842.50 | Fast EMA: 84801.63 | Slow EMA: 84467.79 | RSI: 53.6 | ATR: 762.93 | Daily Trend Up: True
2026-10-03 21:40:07,263 [INFO] 👤 [Shadow QDS] BTC/USDT | Legacy: WAIT | QDS: WAIT | QDS WAIT: لا يوجد تقاطع EMA صاعد طازج (Regime: TRENDING_UP)
2026-10-03 21:40:07,263 [INFO] [BTC/USDT] ✅ الدورة مكتملة.
2026-10-03 21:40:07,263 [INFO] 🔍 فحص ETH/USDT...
2026-10-03 21:40:07,507 [INFO] 📊 [ETH/USDT] شمعة مغلقة [2026-10-03 16:00:00+00:00] | Close: $2,685.47 | Fast EMA: 2686.70 | Slow EMA: 2690.14 | RSI: 48.6 | ATR: 29.47 | Daily Trend Up: True
2026-10-03 21:40:07,884 [INFO] 👤 [Shadow QDS] ETH/USDT | Legacy: WAIT | QDS: WAIT | QDS WAIT: لا يوجد تقاطع EMA صاعد طازج (Regime: SIDEWAYS)
2026-10-03 21:40:07,884 [INFO] [ETH/USDT] ✅ الدورة مكتملة.
2026-10-03 21:40:07,884 [INFO] 🔍 فحص SOL/USDT...
2026-10-03 21:40:08,128 [INFO] 📊 [SOL/USDT] شمعة مغلقة [2026-10-03 16:00:00+00:00] | Close: $119.78 | Fast EMA: 119.51 | Slow EMA: 119.24 | RSI: 52.5 | ATR: 1.81 | Daily Trend Up: True
2026-10-03 21:40:08,500 [INFO] 👤 [Shadow QDS] SOL/USDT | Legacy: WAIT | QDS: WAIT | QDS WAIT: لا يوجد تقاطع EMA صاعد طازج (Regime: TRENDING_UP)
2026-10-03 21:40:08,501 [INFO] [SOL/USDT] ✅ الدورة مكتملة.
2026-10-03 21:40:08,501 [INFO] 🔍 فحص LINK/USDT...
2026-10-03 21:40:08,744 [INFO] 📊 [LINK/USDT] شمعة مغلقة [2026-10-03 16:00:00+00:00] | Close: $13.98 | Fast EMA: 13.98 | Slow EMA: 14.15 | RSI: 45.8 | ATR: 0.34 | Daily Trend Up: True
2026-10-03 21:40:09,114 [INFO] 👤 [Shadow QDS] LINK/USDT | Legacy: WAIT | QDS: WAIT | QDS WAIT: لا يوجد تقاطع EMA صاعد طازج (Regime: SIDEWAYS)
2026-10-03 21:40:09,114 [INFO] [LINK/USDT] ✅ الدورة مكتملة.
2026-10-03 21:40:09,114 [INFO] 🔍 فحص BNB/USDT...
2026-10-03 21:40:09,468 [INFO] 📊 [BNB/USDT] شمعة مغلقة [2026-10-03 16:00:00+00:00] | Close: $789.71 | Fast EMA: 775.51 | Slow EMA: 770.93 | RSI: 66.2 | ATR: 8.52 | Daily Trend Up: True
2026-10-03 21:40:09,843 [INFO] 👤 [Shadow QDS] BNB/USDT | Legacy: BUY | QDS: WAIT | QDS WAIT: لا يوجد تقاطع EMA صاعد طازج (Regime: SIDEWAYS)
2026-10-03 21:40:09,843 [INFO] [BNB/USDT] ✅ الدورة مكتملة.
2026-10-03 21:40:09,844 [INFO] ✅ انتهت جميع الدورات.
2026-10-04 00:04:42,574 [INFO] ============================================================
2026-10-04 00:04:42,574 [INFO] 🤖 GitHub Actions — بدء الدورة لكل الأزواج
2026-10-04 00:04:42,574 [INFO] ============================================================
2026-10-04 00:04:42,574 [INFO] 🔍 فحص BTC/USDT...
2026-10-04 00:04:44,450 [INFO] 📊 [BTC/USDT] شمعة مغلقة [2026-10-03 20:00:00+00:00] | Close: $84,753.56 | Fast EMA: 84790.95 | Slow EMA: 84486.22 | RSI: 52.6 | ATR: 733.99 | Daily Trend Up: True
2026-10-04 00:04:44,831 [INFO] 👤 [Shadow QDS] BTC/USDT | Legacy: WAIT | QDS: WAIT | QDS WAIT: لا يوجد تقاطع EMA صاعد طازج (Regime: TRENDING_UP)
2026-10-04 00:04:44,832 [INFO] [BTC/USDT] ✅ الدورة مكتملة.
2026-10-04 00:04:44,832 [INFO] 🔍 فحص ETH/USDT...
2026-10-04 00:04:45,076 [INFO] 📊 [ETH/USDT] شمعة مغلقة [2026-10-03 20:00:00+00:00] | Close: $2,687.23 | Fast EMA: 2686.82 | Slow EMA: 2689.95 | RSI: 49.1 | ATR: 27.82 | Daily Trend Up: True
2026-10-04 00:04:45,450 [INFO] 👤 [Shadow QDS] ETH/USDT | Legacy: WAIT | QDS: WAIT | QDS WAIT: لا يوجد تقاطع EMA صاعد طازج (Regime: SIDEWAYS)
2026-10-04 00:04:45,450 [INFO] [ETH/USDT] ✅ الدورة مكتملة.
2026-10-04 00:04:45,450 [INFO] 🔍 فحص SOL/USDT...
2026-10-04 00:04:45,694 [INFO] 📊 [SOL/USDT] شمعة مغلقة [2026-10-03 20:00:00+00:00] | Close: $119.62 | Fast EMA: 119.53 | Slow EMA: 119.26 | RSI: 51.7 | ATR: 1.72 | Daily Trend Up: True
2026-10-04 00:04:46,064 [INFO] 👤 [Shadow QDS] SOL/USDT | Legacy: WAIT | QDS: WAIT | QDS WAIT: لا يوجد تقاطع EMA صاعد طازج (Regime: TRENDING_UP)
2026-10-04 00:04:46,064 [INFO] [SOL/USDT] ✅ الدورة مكتملة.
2026-10-04 00:04:46,064 [INFO] 🔍 فحص LINK/USDT...
2026-10-04 00:04:46,309 [INFO] 📊 [LINK/USDT] شمعة مغلقة [2026-10-03 20:00:00+00:00] | Close: $14.12 | Fast EMA: 14.01 | Slow EMA: 14.15 | RSI: 49.2 | ATR: 0.33 | Daily Trend Up: True
2026-10-04 00:04:46,679 [INFO] 👤 [Shadow QDS] LINK/USDT | Legacy: WAIT | QDS: WAIT | QDS WAIT: لا يوجد تقاطع EMA صاعد طازج (Regime: SIDEWAYS)
2026-10-04 00:04:46,679 [INFO] [LINK/USDT] ✅ الدورة مكتملة.
2026-10-04 00:04:46,680 [INFO] 🔍 فحص BNB/USDT...
2026-10-04 00:04:47,294 [INFO] 🚨 [BNB/USDT] إغلاق لحظي: TIME EXIT ⏳ (استغرق 49h دون زخم) @ $786.73
2026-10-04 00:04:47,538 [INFO] 📊 [BNB/USDT] شمعة مغلقة [2026-10-03 20:00:00+00:00] | Close: $786.88 | Fast EMA: 778.04 | Slow EMA: 771.96 | RSI: 63.1 | ATR: 8.31 | Daily Trend Up: True
2026-10-04 00:04:47,911 [INFO] 👤 [Shadow QDS] BNB/USDT | Legacy: WAIT | QDS: WAIT | QDS WAIT: لا يوجد تقاطع EMA صاعد طازج (Regime: SIDEWAYS)
2026-10-04 00:04:47,912 [INFO] [BNB/USDT] ✅ الدورة مكتملة.
2026-10-04 00:04:47,912 [INFO] ✅ انتهت جميع الدورات.
2026-10-04 05:56:35,859 [INFO] ============================================================
2026-10-04 05:56:35,859 [INFO] 🤖 GitHub Actions — بدء الدورة لكل الأزواج
2026-10-04 05:56:35,859 [INFO] ============================================================
2026-10-04 05:56:35,859 [INFO] 🔍 فحص BTC/USDT...
2026-10-04 05:56:37,940 [INFO] 📊 [BTC/USDT] شمعة مغلقة [2026-10-04 00:00:00+00:00] | Close: $84,840.87 | Fast EMA: 84802.04 | Slow EMA: 84509.11 | RSI: 53.5 | ATR: 693.70 | Daily Trend Up: True
2026-10-04 05:56:38,495 [INFO] 👤 [Shadow QDS] BTC/USDT | Legacy: WAIT | QDS: WAIT | QDS WAIT: لا يوجد تقاطع EMA صاعد طازج (Regime: TRENDING_UP)
2026-10-04 05:56:38,495 [INFO] [BTC/USDT] ✅ الدورة مكتملة.
2026-10-04 05:56:38,495 [INFO] 🔍 فحص ETH/USDT...
2026-10-04 05:56:38,796 [INFO] 📊 [ETH/USDT] شمعة مغلقة [2026-10-04 00:00:00+00:00] | Close: $2,694.44 | Fast EMA: 2688.51 | Slow EMA: 2690.24 | RSI: 51.2 | ATR: 26.58 | Daily Trend Up: True
2026-10-04 05:56:39,278 [INFO] 👤 [Shadow QDS] ETH/USDT | Legacy: WAIT | QDS: WAIT | QDS WAIT: لا يوجد تقاطع EMA صاعد طازج (Regime: SIDEWAYS)
2026-10-04 05:56:39,278 [INFO] [ETH/USDT] ✅ الدورة مكتملة.
2026-10-04 05:56:39,278 [INFO] 🔍 فحص SOL/USDT...
2026-10-04 05:56:39,579 [INFO] 📊 [SOL/USDT] شمعة مغلقة [2026-10-04 00:00:00+00:00] | Close: $120.77 | Fast EMA: 119.81 | Slow EMA: 119.36 | RSI: 56.9 | ATR: 1.72 | Daily Trend Up: True
2026-10-04 05:56:40,029 [INFO] 👤 [Shadow QDS] SOL/USDT | Legacy: WAIT | QDS: WAIT | QDS WAIT: لا يوجد تقاطع EMA صاعد طازج (Regime: TRENDING_UP)
2026-10-04 05:56:40,029 [INFO] [SOL/USDT] ✅ الدورة مكتملة.
2026-10-04 05:56:40,029 [INFO] 🔍 فحص LINK/USDT...
2026-10-04 05:56:40,326 [INFO] 📊 [LINK/USDT] شمعة مغلقة [2026-10-04 00:00:00+00:00] | Close: $14.02 | Fast EMA: 14.01 | Slow EMA: 14.14 | RSI: 47.1 | ATR: 0.33 | Daily Trend Up: True
2026-10-04 05:56:40,913 [INFO] 👤 [Shadow QDS] LINK/USDT | Legacy: WAIT | QDS: WAIT | QDS WAIT: لا يوجد تقاطع EMA صاعد طازج (Regime: SIDEWAYS)
2026-10-04 05:56:40,913 [INFO] [LINK/USDT] ✅ الدورة مكتملة.
2026-10-04 05:56:40,913 [INFO] 🔍 فحص BNB/USDT...
2026-10-04 05:56:41,210 [INFO] 📊 [BNB/USDT] شمعة مغلقة [2026-10-04 00:00:00+00:00] | Close: $784.56 | Fast EMA: 779.49 | Slow EMA: 772.77 | RSI: 60.6 | ATR: 8.11 | Daily Trend Up: True
2026-10-04 05:56:41,661 [INFO] 👤 [Shadow QDS] BNB/USDT | Legacy: WAIT | QDS: WAIT | QDS WAIT: لا يوجد تقاطع EMA صاعد طازج (Regime: SIDEWAYS)
2026-10-04 05:56:41,661 [INFO] [BNB/USDT] ✅ الدورة مكتملة.
2026-10-04 05:56:41,838 [WARNING] ⚠️ فشل استدعاء Gemini API: HTTP Error 404: Not Found
2026-10-04 05:56:42,269 [INFO] 💓 [BTC/USDT] نبضة حياة (uptime: 0.0h)
2026-10-04 05:56:42,393 [WARNING] ⚠️ فشل استدعاء Gemini API: HTTP Error 404: Not Found
2026-10-04 05:56:42,736 [INFO] 💓 [ETH/USDT] نبضة حياة (uptime: 0.0h)
2026-10-04 05:56:42,863 [WARNING] ⚠️ فشل استدعاء Gemini API: HTTP Error 404: Not Found
2026-10-04 05:56:43,241 [INFO] 💓 [SOL/USDT] نبضة حياة (uptime: 0.0h)
2026-10-04 05:56:43,361 [WARNING] ⚠️ فشل استدعاء Gemini API: HTTP Error 404: Not Found
2026-10-04 05:56:43,719 [INFO] 💓 [LINK/USDT] نبضة حياة (uptime: 0.0h)
2026-10-04 05:56:43,828 [WARNING] ⚠️ فشل استدعاء Gemini API: HTTP Error 404: Not Found
2026-10-04 05:56:44,237 [INFO] 💓 [BNB/USDT] نبضة حياة (uptime: 0.0h)
2026-10-04 05:56:44,238 [INFO] ✅ انتهت جميع الدورات.
2026-10-04 12:10:04,862 [INFO] ============================================================
2026-10-04 12:10:04,862 [INFO] 🤖 GitHub Actions — بدء الدورة لكل الأزواج
2026-10-04 12:10:04,862 [INFO] ============================================================
2026-10-04 12:10:04,862 [INFO] 🔍 فحص BTC/USDT...
2026-10-04 12:10:07,139 [INFO] 📊 [BTC/USDT] شمعة مغلقة [2026-10-04 08:00:00+00:00] | Close: $85,309.46 | Fast EMA: 84967.34 | Slow EMA: 84596.77 | RSI: 58.4 | ATR: 646.56 | Daily Trend Up: True
2026-10-04 12:10:07,630 [INFO] 👤 [Shadow QDS] BTC/USDT | Legacy: WAIT | QDS: WAIT | QDS WAIT: لا يوجد تقاطع EMA صاعد طازج (Regime: TRENDING_UP)
2026-10-04 12:10:07,630 [INFO] [BTC/USDT] ✅ الدورة مكتملة.
2026-10-04 12:10:07,630 [INFO] 🔍 فحص ETH/USDT...
2026-10-04 12:10:07,946 [INFO] 📊 [ETH/USDT] شمعة مغلقة [2026-10-04 08:00:00+00:00] | Close: $2,699.99 | Fast EMA: 2694.01 | Slow EMA: 2691.79 | RSI: 52.5 | ATR: 24.71 | Daily Trend Up: True
2026-10-04 12:10:08,429 [INFO] 👤 [Shadow QDS] ETH/USDT | Legacy: WAIT | QDS: WAIT | QDS WAIT: لا يوجد تقاطع EMA صاعد طازج (Regime: SIDEWAYS)
2026-10-04 12:10:08,430 [INFO] [ETH/USDT] ✅ الدورة مكتملة.
2026-10-04 12:10:08,430 [INFO] 🔍 فحص SOL/USDT...
2026-10-04 12:10:08,747 [INFO] 📊 [SOL/USDT] شمعة مغلقة [2026-10-04 08:00:00+00:00] | Close: $121.23 | Fast EMA: 120.35 | Slow EMA: 119.59 | RSI: 58.9 | ATR: 1.60 | Daily Trend Up: True
2026-10-04 12:10:09,225 [INFO] 👤 [Shadow QDS] SOL/USDT | Legacy: WAIT | QDS: WAIT | QDS WAIT: لا يوجد تقاطع EMA صاعد طازج (Regime: TRENDING_UP)
2026-10-04 12:10:09,225 [INFO] [SOL/USDT] ✅ الدورة مكتملة.
2026-10-04 12:10:09,225 [INFO] 🔍 فحص LINK/USDT...
2026-10-04 12:10:09,540 [INFO] 📊 [LINK/USDT] شمعة مغلقة [2026-10-04 08:00:00+00:00] | Close: $14.09 | Fast EMA: 14.04 | Slow EMA: 14.14 | RSI: 48.6 | ATR: 0.30 | Daily Trend Up: True
2026-10-04 12:10:10,018 [INFO] 👤 [Shadow QDS] LINK/USDT | Legacy: WAIT | QDS: WAIT | QDS WAIT: لا يوجد تقاطع EMA صاعد طازج (Regime: SIDEWAYS)
2026-10-04 12:10:10,018 [INFO] [LINK/USDT] ✅ الدورة مكتملة.
2026-10-04 12:10:10,019 [INFO] 🔍 فحص BNB/USDT...
2026-10-04 12:10:10,333 [INFO] 📊 [BNB/USDT] شمعة مغلقة [2026-10-04 08:00:00+00:00] | Close: $788.67 | Fast EMA: 782.98 | Slow EMA: 774.71 | RSI: 63.4 | ATR: 7.92 | Daily Trend Up: True
2026-10-04 12:10:10,816 [INFO] 👤 [Shadow QDS] BNB/USDT | Legacy: WAIT | QDS: WAIT | QDS WAIT: لا يوجد تقاطع EMA صاعد طازج (Regime: TRENDING_UP)
2026-10-04 12:10:10,817 [INFO] [BNB/USDT] ✅ الدورة مكتملة.
2026-10-04 12:10:10,975 [WARNING] ⚠️ فشل استدعاء Gemini API: HTTP Error 404: Not Found
2026-10-04 12:10:11,394 [INFO] 💓 [BTC/USDT] نبضة حياة (uptime: 0.0h)
2026-10-04 12:10:11,493 [WARNING] ⚠️ فشل استدعاء Gemini API: HTTP Error 404: Not Found
2026-10-04 12:10:11,847 [INFO] 💓 [ETH/USDT] نبضة حياة (uptime: 0.0h)
2026-10-04 12:10:11,946 [WARNING] ⚠️ فشل استدعاء Gemini API: HTTP Error 404: Not Found
2026-10-04 12:10:12,917 [INFO] 💓 [SOL/USDT] نبضة حياة (uptime: 0.0h)
2026-10-04 12:10:13,026 [WARNING] ⚠️ فشل استدعاء Gemini API: HTTP Error 404: Not Found
2026-10-04 12:10:13,362 [INFO] 💓 [LINK/USDT] نبضة حياة (uptime: 0.0h)
2026-10-04 12:10:13,468 [WARNING] ⚠️ فشل استدعاء Gemini API: HTTP Error 404: Not Found
2026-10-04 12:10:13,798 [INFO] 💓 [BNB/USDT] نبضة حياة (uptime: 0.0h)
2026-10-04 12:10:13,799 [INFO] ✅ انتهت جميع الدورات.
2026-10-04 16:53:38,849 [INFO] ============================================================
2026-10-04 16:53:38,849 [INFO] 🤖 GitHub Actions — بدء الدورة لكل الأزواج
2026-10-04 16:53:38,849 [INFO] ============================================================
2026-10-04 16:53:38,849 [INFO] 🔍 فحص BTC/USDT...
2026-10-04 16:53:41,552 [INFO] 📊 [BTC/USDT] شمعة مغلقة [2026-10-04 12:00:00+00:00] | Close: $85,256.01 | Fast EMA: 85031.49 | Slow EMA: 84639.30 | RSI: 57.6 | ATR: 627.23 | Daily Trend Up: True
2026-10-04 16:53:42,078 [INFO] 👤 [Shadow QDS] BTC/USDT | Legacy: WAIT | QDS: WAIT | QDS WAIT: لا يوجد تقاطع EMA صاعد طازج (Regime: TRENDING_UP)
2026-10-04 16:53:42,078 [INFO] [BTC/USDT] ✅ الدورة مكتملة.
2026-10-04 16:53:42,079 [INFO] 🔍 فحص ETH/USDT...
2026-10-04 16:53:42,407 [INFO] 📊 [ETH/USDT] شمعة مغلقة [2026-10-04 12:00:00+00:00] | Close: $2,698.99 | Fast EMA: 2695.12 | Slow EMA: 2692.26 | RSI: 52.2 | ATR: 23.87 | Daily Trend Up: True
2026-10-04 16:53:42,911 [INFO] 👤 [Shadow QDS] ETH/USDT | Legacy: WAIT | QDS: WAIT | QDS WAIT: لا يوجد تقاطع EMA صاعد طازج (Regime: SIDEWAYS)
2026-10-04 16:53:42,911 [INFO] [ETH/USDT] ✅ الدورة مكتملة.
2026-10-04 16:53:42,911 [INFO] 🔍 فحص SOL/USDT...
2026-10-04 16:53:43,239 [INFO] 📊 [SOL/USDT] شمعة مغلقة [2026-10-04 12:00:00+00:00] | Close: $121.56 | Fast EMA: 120.62 | Slow EMA: 119.71 | RSI: 60.4 | ATR: 1.55 | Daily Trend Up: True
2026-10-04 16:53:43,737 [INFO] 👤 [Shadow QDS] SOL/USDT | Legacy: WAIT | QDS: WAIT | QDS WAIT: لا يوجد تقاطع EMA صاعد طازج (Regime: TRENDING_UP)
2026-10-04 16:53:43,737 [INFO] [SOL/USDT] ✅ الدورة مكتملة.
2026-10-04 16:53:43,737 [INFO] 🔍 فحص LINK/USDT...
2026-10-04 16:53:44,066 [INFO] 📊 [LINK/USDT] شمعة مغلقة [2026-10-04 12:00:00+00:00] | Close: $14.15 | Fast EMA: 14.07 | Slow EMA: 14.14 | RSI: 50.3 | ATR: 0.29 | Daily Trend Up: True
2026-10-04 16:53:44,563 [INFO] 👤 [Shadow QDS] LINK/USDT | Legacy: WAIT | QDS: WAIT | QDS WAIT: لا يوجد تقاطع EMA صاعد طازج (Regime: SIDEWAYS)
2026-10-04 16:53:44,564 [INFO] [LINK/USDT] ✅ الدورة مكتملة.
2026-10-04 16:53:44,564 [INFO] 🔍 فحص BNB/USDT...
2026-10-04 16:53:44,891 [INFO] 📊 [BNB/USDT] شمعة مغلقة [2026-10-04 12:00:00+00:00] | Close: $787.14 | Fast EMA: 783.90 | Slow EMA: 775.51 | RSI: 61.5 | ATR: 7.73 | Daily Trend Up: True
2026-10-04 16:53:45,394 [INFO] 👤 [Shadow QDS] BNB/USDT | Legacy: WAIT | QDS: WAIT | QDS WAIT: لا يوجد تقاطع EMA صاعد طازج (Regime: TRENDING_UP)
2026-10-04 16:53:45,394 [INFO] [BNB/USDT] ✅ الدورة مكتملة.
2026-10-04 16:53:45,395 [INFO] ✅ انتهت جميع الدورات.
2026-10-04 19:57:09,458 [INFO] ============================================================
2026-10-04 19:57:09,458 [INFO] 🤖 GitHub Actions — بدء الدورة لكل الأزواج
2026-10-04 19:57:09,458 [INFO] ============================================================
2026-10-04 19:57:09,458 [INFO] 🔍 فحص BTC/USDT...
2026-10-04 19:57:12,323 [INFO] 👤 [Shadow QDS] BTC/USDT | Legacy: WAIT | QDS: WAIT | QDS WAIT: لا يوجد تقاطع EMA صاعد طازج (Regime: TRENDING_UP)
2026-10-04 19:57:12,323 [INFO] [BTC/USDT] ✅ الدورة مكتملة.
2026-10-04 19:57:12,323 [INFO] 🔍 فحص ETH/USDT...
2026-10-04 19:57:13,106 [INFO] 👤 [Shadow QDS] ETH/USDT | Legacy: WAIT | QDS: WAIT | QDS WAIT: لا يوجد تقاطع EMA صاعد طازج (Regime: SIDEWAYS)
2026-10-04 19:57:13,106 [INFO] [ETH/USDT] ✅ الدورة مكتملة.
2026-10-04 19:57:13,106 [INFO] 🔍 فحص SOL/USDT...
2026-10-04 19:57:13,890 [INFO] 👤 [Shadow QDS] SOL/USDT | Legacy: WAIT | QDS: WAIT | QDS WAIT: لا يوجد تقاطع EMA صاعد طازج (Regime: TRENDING_UP)
2026-10-04 19:57:13,890 [INFO] [SOL/USDT] ✅ الدورة مكتملة.
2026-10-04 19:57:13,890 [INFO] 🔍 فحص LINK/USDT...
2026-10-04 19:57:14,672 [INFO] 👤 [Shadow QDS] LINK/USDT | Legacy: WAIT | QDS: WAIT | QDS WAIT: لا يوجد تقاطع EMA صاعد طازج (Regime: SIDEWAYS)
2026-10-04 19:57:14,672 [INFO] [LINK/USDT] ✅ الدورة مكتملة.
2026-10-04 19:57:14,672 [INFO] 🔍 فحص BNB/USDT...
2026-10-04 19:57:15,460 [INFO] 👤 [Shadow QDS] BNB/USDT | Legacy: WAIT | QDS: WAIT | QDS WAIT: لا يوجد تقاطع EMA صاعد طازج (Regime: TRENDING_UP)
2026-10-04 19:57:15,460 [INFO] [BNB/USDT] ✅ الدورة مكتملة.
2026-10-04 19:57:15,606 [WARNING] ⚠️ فشل استدعاء Gemini API: HTTP Error 404: Not Found
2026-10-04 19:57:16,026 [INFO] 💓 [BTC/USDT] نبضة حياة (uptime: 0.0h)
2026-10-04 19:57:16,137 [WARNING] ⚠️ فشل استدعاء Gemini API: HTTP Error 404: Not Found
2026-10-04 19:57:16,496 [INFO] 💓 [ETH/USDT] نبضة حياة (uptime: 0.0h)
2026-10-04 19:57:16,576 [WARNING] ⚠️ فشل استدعاء Gemini API: HTTP Error 404: Not Found
2026-10-04 19:57:16,916 [INFO] 💓 [SOL/USDT] نبضة حياة (uptime: 0.0h)
2026-10-04 19:57:17,024 [WARNING] ⚠️ فشل استدعاء Gemini API: HTTP Error 404: Not Found
2026-10-04 19:57:17,361 [INFO] 💓 [LINK/USDT] نبضة حياة (uptime: 0.0h)
2026-10-04 19:57:17,470 [WARNING] ⚠️ فشل استدعاء Gemini API: HTTP Error 404: Not Found
2026-10-04 19:57:17,797 [INFO] 💓 [BNB/USDT] نبضة حياة (uptime: 0.0h)
2026-10-04 19:57:17,798 [INFO] ✅ انتهت جميع الدورات.
2026-10-04 22:59:33,754 [INFO] ============================================================
2026-10-04 22:59:33,754 [INFO] 🤖 GitHub Actions — بدء الدورة لكل الأزواج
2026-10-04 22:59:33,755 [INFO] ============================================================
2026-10-04 22:59:33,755 [INFO] 🔍 فحص BTC/USDT...
2026-10-04 22:59:35,898 [INFO] 📊 [BTC/USDT] شمعة مغلقة [2026-10-04 16:00:00+00:00] | Close: $85,428.00 | Fast EMA: 85119.60 | Slow EMA: 84690.18 | RSI: 59.5 | ATR: 610.68 | Daily Trend Up: True
2026-10-04 22:59:36,268 [INFO] 👤 [Shadow QDS] BTC/USDT | Legacy: WAIT | QDS: WAIT | QDS WAIT: لا يوجد تقاطع EMA صاعد طازج (Regime: TRENDING_UP)
2026-10-04 22:59:36,268 [INFO] [BTC/USDT] ✅ الدورة مكتملة.
2026-10-04 22:59:36,268 [INFO] 🔍 فحص ETH/USDT...
2026-10-04 22:59:36,503 [INFO] 📊 [ETH/USDT] شمعة مغلقة [2026-10-04 16:00:00+00:00] | Close: $2,701.64 | Fast EMA: 2696.57 | Slow EMA: 2692.86 | RSI: 53.0 | ATR: 22.94 | Daily Trend Up: True
2026-10-04 22:59:36,869 [INFO] 👤 [Shadow QDS] ETH/USDT | Legacy: WAIT | QDS: WAIT | QDS WAIT: لا يوجد تقاطع EMA صاعد طازج (Regime: SIDEWAYS)
2026-10-04 22:59:36,869 [INFO] [ETH/USDT] ✅ الدورة مكتملة.
2026-10-04 22:59:36,869 [INFO] 🔍 فحص SOL/USDT...
2026-10-04 22:59:37,103 [INFO] 📊 [SOL/USDT] شمعة مغلقة [2026-10-04 16:00:00+00:00] | Close: $121.10 | Fast EMA: 120.73 | Slow EMA: 119.80 | RSI: 57.3 | ATR: 1.50 | Daily Trend Up: True
2026-10-04 22:59:37,461 [INFO] 👤 [Shadow QDS] SOL/USDT | Legacy: WAIT | QDS: WAIT | QDS WAIT: لا يوجد تقاطع EMA صاعد طازج (Regime: TRENDING_UP)
2026-10-04 22:59:37,461 [INFO] [SOL/USDT] ✅ الدورة مكتملة.
2026-10-04 22:59:37,461 [INFO] 🔍 فحص LINK/USDT...
2026-10-04 22:59:37,694 [INFO] 📊 [LINK/USDT] شمعة مغلقة [2026-10-04 16:00:00+00:00] | Close: $14.14 | Fast EMA: 14.08 | Slow EMA: 14.14 | RSI: 50.0 | ATR: 0.28 | Daily Trend Up: True
2026-10-04 22:59:38,051 [INFO] 👤 [Shadow QDS] LINK/USDT | Legacy: WAIT | QDS: WAIT | QDS WAIT: لا يوجد تقاطع EMA صاعد طازج (Regime: SIDEWAYS)
2026-10-04 22:59:38,051 [INFO] [LINK/USDT] ✅ الدورة مكتملة.
2026-10-04 22:59:38,051 [INFO] 🔍 فحص BNB/USDT...
2026-10-04 22:59:38,286 [INFO] 📊 [BNB/USDT] شمعة مغلقة [2026-10-04 16:00:00+00:00] | Close: $789.52 | Fast EMA: 785.15 | Slow EMA: 776.42 | RSI: 63.3 | ATR: 7.42 | Daily Trend Up: True
2026-10-04 22:59:38,649 [INFO] 👤 [Shadow QDS] BNB/USDT | Legacy: WAIT | QDS: WAIT | QDS WAIT: لا يوجد تقاطع EMA صاعد طازج (Regime: TRENDING_UP)
2026-10-04 22:59:38,649 [INFO] [BNB/USDT] ✅ الدورة مكتملة.
2026-10-04 22:59:38,649 [INFO] ✅ انتهت جميع الدورات.
2026-10-05 01:50:38,146 [INFO] ============================================================
2026-10-05 01:50:38,146 [INFO] 🤖 GitHub Actions — بدء الدورة لكل الأزواج
2026-10-05 01:50:38,146 [INFO] ============================================================
2026-10-05 01:50:38,146 [INFO] 🔍 فحص BTC/USDT...
2026-10-05 01:50:40,432 [INFO] 📊 [BTC/USDT] شمعة مغلقة [2026-10-04 20:00:00+00:00] | Close: $86,530.00 | Fast EMA: 85433.02 | Slow EMA: 84808.88 | RSI: 68.9 | ATR: 667.32 | Daily Trend Up: True
2026-10-05 01:50:40,917 [INFO] 👤 [Shadow QDS] BTC/USDT | Legacy: WAIT | QDS: WAIT | QDS WAIT: لا يوجد تقاطع EMA صاعد طازج (Regime: TRENDING_UP)
2026-10-05 01:50:40,917 [INFO] [BTC/USDT] ✅ الدورة مكتملة.
2026-10-05 01:50:40,917 [INFO] 🔍 فحص ETH/USDT...
2026-10-05 01:50:41,229 [INFO] 📊 [ETH/USDT] شمعة مغلقة [2026-10-04 20:00:00+00:00] | Close: $2,726.94 | Fast EMA: 2703.32 | Slow EMA: 2695.06 | RSI: 60.3 | ATR: 24.14 | Daily Trend Up: True
2026-10-05 01:50:41,700 [INFO] 👤 [Shadow QDS] ETH/USDT | Legacy: WAIT | QDS: WAIT | QDS WAIT: لا يوجد تقاطع EMA صاعد طازج (Regime: SIDEWAYS)
2026-10-05 01:50:41,701 [INFO] [ETH/USDT] ✅ الدورة مكتملة.
2026-10-05 01:50:41,701 [INFO] 🔍 فحص SOL/USDT...
2026-10-05 01:50:42,012 [INFO] 📊 [SOL/USDT] شمعة مغلقة [2026-10-04 20:00:00+00:00] | Close: $121.60 | Fast EMA: 120.92 | Slow EMA: 119.92 | RSI: 59.7 | ATR: 1.51 | Daily Trend Up: True
2026-10-05 01:50:42,484 [INFO] 👤 [Shadow QDS] SOL/USDT | Legacy: WAIT | QDS: WAIT | QDS WAIT: لا يوجد تقاطع EMA صاعد طازج (Regime: TRENDING_UP)
2026-10-05 01:50:42,484 [INFO] [SOL/USDT] ✅ الدورة مكتملة.
2026-10-05 01:50:42,484 [INFO] 🔍 فحص LINK/USDT...
2026-10-05 01:50:42,794 [INFO] 📊 [LINK/USDT] شمعة مغلقة [2026-10-04 20:00:00+00:00] | Close: $14.28 | Fast EMA: 14.13 | Slow EMA: 14.15 | RSI: 54.0 | ATR: 0.27 | Daily Trend Up: True
2026-10-05 01:50:43,265 [INFO] 👤 [Shadow QDS] LINK/USDT | Legacy: WAIT | QDS: WAIT | QDS WAIT: لا يوجد تقاطع EMA صاعد طازج (Regime: SIDEWAYS)
2026-10-05 01:50:43,265 [INFO] [LINK/USDT] ✅ الدورة مكتملة.
2026-10-05 01:50:43,265 [INFO] 🔍 فحص BNB/USDT...
2026-10-05 01:50:43,575 [INFO] 📊 [BNB/USDT] شمعة مغلقة [2026-10-04 20:00:00+00:00] | Close: $795.43 | Fast EMA: 787.43 | Slow EMA: 777.64 | RSI: 67.4 | ATR: 7.53 | Daily Trend Up: True
2026-10-05 01:50:44,052 [INFO] 👤 [Shadow QDS] BNB/USDT | Legacy: WAIT | QDS: WAIT | QDS WAIT: لا يوجد تقاطع EMA صاعد طازج (Regime: TRENDING_UP)
2026-10-05 01:50:44,052 [INFO] [BNB/USDT] ✅ الدورة مكتملة.
2026-10-05 01:50:44,053 [INFO] ✅ انتهت جميع الدورات.
2026-10-05 08:40:12,051 [INFO] ============================================================
2026-10-05 08:40:12,052 [INFO] 🤖 GitHub Actions — بدء الدورة لكل الأزواج
2026-10-05 08:40:12,052 [INFO] ============================================================
2026-10-05 08:40:12,052 [INFO] 🔍 فحص BTC/USDT...
2026-10-05 08:40:14,324 [INFO] 📊 [BTC/USDT] شمعة مغلقة [2026-10-05 04:00:00+00:00] | Close: $86,252.76 | Fast EMA: 85727.88 | Slow EMA: 84979.05 | RSI: 63.9 | ATR: 717.23 | Daily Trend Up: True
2026-10-05 08:40:14,774 [INFO] 👤 [Shadow QDS] BTC/USDT | Legacy: WAIT | QDS: WAIT | QDS WAIT: لا يوجد تقاطع EMA صاعد طازج (Regime: TRENDING_UP)
2026-10-05 08:40:14,774 [INFO] [BTC/USDT] ✅ الدورة مكتملة.
2026-10-05 08:40:14,774 [INFO] 🔍 فحص ETH/USDT...
2026-10-05 08:40:15,065 [INFO] 📊 [ETH/USDT] شمعة مغلقة [2026-10-05 04:00:00+00:00] | Close: $2,726.49 | Fast EMA: 2710.69 | Slow EMA: 2698.36 | RSI: 59.1 | ATR: 25.04 | Daily Trend Up: True
2026-10-05 08:40:15,511 [INFO] 👤 [Shadow QDS] ETH/USDT | Legacy: WAIT | QDS: WAIT | QDS WAIT: لا يوجد تقاطع EMA صاعد طازج (Regime: SIDEWAYS)
2026-10-05 08:40:15,511 [INFO] [ETH/USDT] ✅ الدورة مكتملة.
2026-10-05 08:40:15,511 [INFO] 🔍 فحص SOL/USDT...
2026-10-05 08:40:15,802 [INFO] 📊 [SOL/USDT] شمعة مغلقة [2026-10-05 04:00:00+00:00] | Close: $121.69 | Fast EMA: 121.01 | Slow EMA: 120.07 | RSI: 58.3 | ATR: 1.53 | Daily Trend Up: True
2026-10-05 08:40:16,245 [INFO] 👤 [Shadow QDS] SOL/USDT | Legacy: WAIT | QDS: WAIT | QDS WAIT: لا يوجد تقاطع EMA صاعد طازج (Regime: TRENDING_UP)
2026-10-05 08:40:16,245 [INFO] [SOL/USDT] ✅ الدورة مكتملة.
2026-10-05 08:40:16,245 [INFO] 🔍 فحص LINK/USDT...
2026-10-05 08:40:16,534 [INFO] 📊 [LINK/USDT] شمعة مغلقة [2026-10-05 04:00:00+00:00] | Close: $14.25 | Fast EMA: 14.16 | Slow EMA: 14.15 | RSI: 52.9 | ATR: 0.27 | Daily Trend Up: True
2026-10-05 08:40:16,859 [WARNING] ⚠️ فشل استدعاء Gemini API: HTTP Error 404: Not Found
2026-10-05 08:40:16,984 [WARNING] ⚠️ فشل استدعاء Gemini API: HTTP Error 404: Not Found
2026-10-05 08:40:17,433 [INFO] 🚀 [LINK/USDT] فتح صفقة @ $14.19
2026-10-05 08:40:17,874 [INFO] 👤 [Shadow QDS] LINK/USDT | Legacy: BUY | QDS: BUY | QDS BUY: جميع الشروط مكتملة (Regime: SIDEWAYS | Score: 100)
2026-10-05 08:40:17,874 [INFO] [LINK/USDT] ✅ الدورة مكتملة.
2026-10-05 08:40:17,874 [INFO] 🔍 فحص BNB/USDT...
2026-10-05 08:40:18,165 [INFO] 📊 [BNB/USDT] شمعة مغلقة [2026-10-05 04:00:00+00:00] | Close: $791.82 | Fast EMA: 789.22 | Slow EMA: 779.43 | RSI: 62.8 | ATR: 8.32 | Daily Trend Up: True
2026-10-05 08:40:18,613 [INFO] 👤 [Shadow QDS] BNB/USDT | Legacy: WAIT | QDS: WAIT | QDS WAIT: لا يوجد تقاطع EMA صاعد طازج (Regime: TRENDING_UP)
2026-10-05 08:40:18,613 [INFO] [BNB/USDT] ✅ الدورة مكتملة.
2026-10-05 08:40:18,746 [WARNING] ⚠️ فشل استدعاء Gemini API: HTTP Error 404: Not Found
2026-10-05 08:40:19,121 [INFO] 💓 [BTC/USDT] نبضة حياة (uptime: 0.0h)
2026-10-05 08:40:19,245 [WARNING] ⚠️ فشل استدعاء Gemini API: HTTP Error 404: Not Found
2026-10-05 08:40:19,625 [INFO] 💓 [ETH/USDT] نبضة حياة (uptime: 0.0h)
2026-10-05 08:40:19,736 [WARNING] ⚠️ فشل استدعاء Gemini API: HTTP Error 404: Not Found
2026-10-05 08:40:20,087 [INFO] 💓 [SOL/USDT] نبضة حياة (uptime: 0.0h)
2026-10-05 08:40:20,226 [WARNING] ⚠️ فشل استدعاء Gemini API: HTTP Error 404: Not Found
2026-10-05 08:40:20,721 [INFO] 💓 [LINK/USDT] نبضة حياة (uptime: 0.0h)
2026-10-05 08:40:20,847 [WARNING] ⚠️ فشل استدعاء Gemini API: HTTP Error 404: Not Found
2026-10-05 08:40:21,200 [INFO] 💓 [BNB/USDT] نبضة حياة (uptime: 0.0h)
2026-10-05 08:40:21,201 [INFO] ✅ انتهت جميع الدورات.
2026-10-05 17:25:50,336 [INFO] ============================================================
2026-10-05 17:25:50,336 [INFO] 🤖 GitHub Actions — بدء الدورة لكل الأزواج
2026-10-05 17:25:50,336 [INFO] ============================================================
2026-10-05 17:25:50,336 [INFO] 🔍 فحص BTC/USDT...
2026-10-05 17:25:52,848 [INFO] 📊 [BTC/USDT] شمعة مغلقة [2026-10-05 12:00:00+00:00] | Close: $85,269.78 | Fast EMA: 85710.45 | Slow EMA: 85072.46 | RSI: 51.4 | ATR: 777.08 | Daily Trend Up: True
2026-10-05 17:25:53,325 [INFO] 👤 [Shadow QDS] BTC/USDT | Legacy: WAIT | QDS: WAIT | QDS WAIT: لا يوجد تقاطع EMA صاعد طازج (Regime: TRENDING_UP)
2026-10-05 17:25:53,325 [INFO] [BTC/USDT] ✅ الدورة مكتملة.
2026-10-05 17:25:53,325 [INFO] 🔍 فحص ETH/USDT...
2026-10-05 17:25:53,636 [INFO] 📊 [ETH/USDT] شمعة مغلقة [2026-10-05 12:00:00+00:00] | Close: $2,697.23 | Fast EMA: 2709.03 | Slow EMA: 2699.50 | RSI: 49.0 | ATR: 25.64 | Daily Trend Up: True
2026-10-05 17:25:57,046 [INFO] 👤 [Shadow QDS] ETH/USDT | Legacy: WAIT | QDS: WAIT | QDS WAIT: لا يوجد تقاطع EMA صاعد طازج (Regime: SIDEWAYS)
2026-10-05 17:25:57,046 [INFO] [ETH/USDT] ✅ الدورة مكتملة.
2026-10-05 17:25:57,046 [INFO] 🔍 فحص SOL/USDT...
2026-10-05 17:25:57,356 [INFO] 📊 [SOL/USDT] شمعة مغلقة [2026-10-05 12:00:00+00:00] | Close: $119.34 | Fast EMA: 120.61 | Slow EMA: 120.06 | RSI: 46.0 | ATR: 1.57 | Daily Trend Up: True
2026-10-05 17:25:57,827 [INFO] 👤 [Shadow QDS] SOL/USDT | Legacy: WAIT | QDS: WAIT | QDS WAIT: لا يوجد تقاطع EMA صاعد طازج (Regime: TRENDING_UP)
2026-10-05 17:25:57,827 [INFO] [SOL/USDT] ✅ الدورة مكتملة.
2026-10-05 17:25:57,827 [INFO] 🔍 فحص LINK/USDT...
2026-10-05 17:25:58,282 [INFO] 📊 [LINK/USDT] شمعة مغلقة [2026-10-05 12:00:00+00:00] | Close: $13.80 | Fast EMA: 14.09 | Slow EMA: 14.13 | RSI: 40.8 | ATR: 0.28 | Daily Trend Up: True
2026-10-05 17:25:59,333 [INFO] 👤 [Shadow QDS] LINK/USDT | Legacy: WAIT | QDS: WAIT | QDS WAIT: لا يوجد تقاطع EMA صاعد طازج (Regime: SIDEWAYS)
2026-10-05 17:25:59,334 [INFO] [LINK/USDT] ✅ الدورة مكتملة.
2026-10-05 17:25:59,334 [INFO] 🔍 فحص BNB/USDT...
2026-10-05 17:25:59,643 [INFO] 📊 [BNB/USDT] شمعة مغلقة [2026-10-05 12:00:00+00:00] | Close: $787.15 | Fast EMA: 789.08 | Slow EMA: 780.63 | RSI: 56.6 | ATR: 8.19 | Daily Trend Up: True
2026-10-05 17:26:00,120 [INFO] 👤 [Shadow QDS] BNB/USDT | Legacy: WAIT | QDS: WAIT | QDS WAIT: لا يوجد تقاطع EMA صاعد طازج (Regime: TRENDING_UP)
2026-10-05 17:26:00,120 [INFO] [BNB/USDT] ✅ الدورة مكتملة.
2026-10-05 17:26:00,322 [WARNING] ⚠️ فشل استدعاء Gemini API: HTTP Error 404: Not Found
2026-10-05 17:26:00,660 [INFO] 💓 [BTC/USDT] نبضة حياة (uptime: 0.0h)
2026-10-05 17:26:00,764 [WARNING] ⚠️ فشل استدعاء Gemini API: HTTP Error 404: Not Found
2026-10-05 17:26:01,135 [INFO] 💓 [ETH/USDT] نبضة حياة (uptime: 0.0h)
2026-10-05 17:26:01,257 [WARNING] ⚠️ فشل استدعاء Gemini API: HTTP Error 404: Not Found
2026-10-05 17:26:01,595 [INFO] 💓 [SOL/USDT] نبضة حياة (uptime: 0.0h)
2026-10-05 17:26:01,753 [WARNING] ⚠️ فشل استدعاء Gemini API: HTTP Error 404: Not Found
2026-10-05 17:26:02,127 [INFO] 💓 [LINK/USDT] نبضة حياة (uptime: 0.0h)
2026-10-05 17:26:02,238 [WARNING] ⚠️ فشل استدعاء Gemini API: HTTP Error 404: Not Found
2026-10-05 17:26:02,572 [INFO] 💓 [BNB/USDT] نبضة حياة (uptime: 0.0h)
2026-10-05 17:26:02,573 [INFO] ✅ انتهت جميع الدورات.
2026-10-05 23:18:14,762 [INFO] ============================================================
2026-10-05 23:18:14,762 [INFO] 🤖 GitHub Actions — بدء الدورة لكل الأزواج
2026-10-05 23:18:14,762 [INFO] ============================================================
2026-10-05 23:18:14,762 [INFO] 🔍 فحص BTC/USDT...
2026-10-05 23:18:16,600 [INFO] 📊 [BTC/USDT] شمعة مغلقة [2026-10-05 16:00:00+00:00] | Close: $85,724.00 | Fast EMA: 85713.46 | Slow EMA: 85114.50 | RSI: 55.7 | ATR: 780.40 | Daily Trend Up: True
2026-10-05 23:18:16,965 [INFO] 👤 [Shadow QDS] BTC/USDT | Legacy: WAIT | QDS: WAIT | QDS WAIT: لا يوجد تقاطع EMA صاعد طازج (Regime: TRENDING_UP)
2026-10-05 23:18:16,965 [INFO] [BTC/USDT] ✅ الدورة مكتملة.
2026-10-05 23:18:16,965 [INFO] 🔍 فحص ETH/USDT...
2026-10-05 23:18:17,200 [INFO] 📊 [ETH/USDT] شمعة مغلقة [2026-10-05 16:00:00+00:00] | Close: $2,709.25 | Fast EMA: 2709.08 | Slow EMA: 2700.13 | RSI: 52.7 | ATR: 26.39 | Daily Trend Up: True
2026-10-05 23:18:17,559 [INFO] 👤 [Shadow QDS] ETH/USDT | Legacy: WAIT | QDS: WAIT | QDS WAIT: لا يوجد تقاطع EMA صاعد طازج (Regime: SIDEWAYS)
2026-10-05 23:18:17,559 [INFO] [ETH/USDT] ✅ الدورة مكتملة.
2026-10-05 23:18:17,559 [INFO] 🔍 فحص SOL/USDT...
2026-10-05 23:18:17,793 [INFO] 📊 [SOL/USDT] شمعة مغلقة [2026-10-05 16:00:00+00:00] | Close: $120.28 | Fast EMA: 120.53 | Slow EMA: 120.08 | RSI: 50.6 | ATR: 1.56 | Daily Trend Up: True
2026-10-05 23:18:18,151 [INFO] 👤 [Shadow QDS] SOL/USDT | Legacy: WAIT | QDS: WAIT | QDS WAIT: لا يوجد تقاطع EMA صاعد طازج (Regime: TRENDING_UP)
2026-10-05 23:18:18,151 [INFO] [SOL/USDT] ✅ الدورة مكتملة.
2026-10-05 23:18:18,151 [INFO] 🔍 فحص LINK/USDT...
2026-10-05 23:18:18,385 [INFO] 📊 [LINK/USDT] شمعة مغلقة [2026-10-05 16:00:00+00:00] | Close: $13.93 | Fast EMA: 14.05 | Slow EMA: 14.12 | RSI: 44.7 | ATR: 0.28 | Daily Trend Up: True
2026-10-05 23:18:18,749 [INFO] 👤 [Shadow QDS] LINK/USDT | Legacy: WAIT | QDS: WAIT | QDS WAIT: لا يوجد تقاطع EMA صاعد طازج (Regime: SIDEWAYS)
2026-10-05 23:18:18,749 [INFO] [LINK/USDT] ✅ الدورة مكتملة.
2026-10-05 23:18:18,749 [INFO] 🔍 فحص BNB/USDT...
2026-10-05 23:18:18,981 [INFO] 📊 [BNB/USDT] شمعة مغلقة [2026-10-05 16:00:00+00:00] | Close: $787.44 | Fast EMA: 788.72 | Slow EMA: 781.07 | RSI: 56.9 | ATR: 7.85 | Daily Trend Up: True
2026-10-05 23:18:19,345 [INFO] 👤 [Shadow QDS] BNB/USDT | Legacy: WAIT | QDS: WAIT | QDS WAIT: لا يوجد تقاطع EMA صاعد طازج (Regime: TRENDING_UP)
2026-10-05 23:18:19,345 [INFO] [BNB/USDT] ✅ الدورة مكتملة.
2026-10-05 23:18:19,346 [INFO] ✅ انتهت جميع الدورات.
2026-10-06 03:14:17,866 [INFO] ============================================================
2026-10-06 03:14:17,866 [INFO] 🤖 GitHub Actions — بدء الدورة لكل الأزواج
2026-10-06 03:14:17,866 [INFO] ============================================================
2026-10-06 03:14:17,866 [INFO] 🔍 فحص BTC/USDT...
2026-10-06 03:14:20,236 [INFO] 📊 [BTC/USDT] شمعة مغلقة [2026-10-05 20:00:00+00:00] | Close: $85,766.87 | Fast EMA: 85725.33 | Slow EMA: 85156.59 | RSI: 56.1 | ATR: 754.57 | Daily Trend Up: True
2026-10-06 03:14:20,745 [INFO] 👤 [Shadow QDS] BTC/USDT | Legacy: WAIT | QDS: WAIT | QDS WAIT: لا يوجد تقاطع EMA صاعد طازج (Regime: TRENDING_UP)
2026-10-06 03:14:20,745 [INFO] [BTC/USDT] ✅ الدورة مكتملة.
2026-10-06 03:14:20,745 [INFO] 🔍 فحص ETH/USDT...
2026-10-06 03:14:21,074 [INFO] 📊 [ETH/USDT] شمعة مغلقة [2026-10-05 20:00:00+00:00] | Close: $2,709.98 | Fast EMA: 2709.28 | Slow EMA: 2700.76 | RSI: 52.9 | ATR: 25.61 | Daily Trend Up: True
2026-10-06 03:14:21,576 [INFO] 👤 [Shadow QDS] ETH/USDT | Legacy: WAIT | QDS: WAIT | QDS WAIT: لا يوجد تقاطع EMA صاعد طازج (Regime: SIDEWAYS)
2026-10-06 03:14:21,576 [INFO] [ETH/USDT] ✅ الدورة مكتملة.
2026-10-06 03:14:21,576 [INFO] 🔍 فحص SOL/USDT...
2026-10-06 03:14:21,905 [INFO] 📊 [SOL/USDT] شمعة مغلقة [2026-10-05 20:00:00+00:00] | Close: $120.78 | Fast EMA: 120.59 | Slow EMA: 120.12 | RSI: 52.9 | ATR: 1.55 | Daily Trend Up: True
2026-10-06 03:14:22,406 [INFO] 👤 [Shadow QDS] SOL/USDT | Legacy: WAIT | QDS: WAIT | QDS WAIT: لا يوجد تقاطع EMA صاعد طازج (Regime: TRENDING_UP)
2026-10-06 03:14:22,407 [INFO] [SOL/USDT] ✅ الدورة مكتملة.
2026-10-06 03:14:22,407 [INFO] 🔍 فحص LINK/USDT...
2026-10-06 03:14:22,734 [INFO] 📊 [LINK/USDT] شمعة مغلقة [2026-10-05 20:00:00+00:00] | Close: $13.85 | Fast EMA: 14.01 | Slow EMA: 14.10 | RSI: 43.0 | ATR: 0.27 | Daily Trend Up: True
2026-10-06 03:14:23,242 [INFO] 👤 [Shadow QDS] LINK/USDT | Legacy: WAIT | QDS: WAIT | QDS WAIT: لا يوجد تقاطع EMA صاعد طازج (Regime: SIDEWAYS)
2026-10-06 03:14:23,243 [INFO] [LINK/USDT] ✅ الدورة مكتملة.
2026-10-06 03:14:23,243 [INFO] 🔍 فحص BNB/USDT...
2026-10-06 03:14:23,571 [INFO] 📊 [BNB/USDT] شمعة مغلقة [2026-10-05 20:00:00+00:00] | Close: $786.43 | Fast EMA: 788.21 | Slow EMA: 781.42 | RSI: 55.5 | ATR: 7.53 | Daily Trend Up: True
2026-10-06 03:14:24,079 [INFO] 👤 [Shadow QDS] BNB/USDT | Legacy: WAIT | QDS: WAIT | QDS WAIT: لا يوجد تقاطع EMA صاعد طازج (Regime: TRENDING_UP)
2026-10-06 03:14:24,079 [INFO] [BNB/USDT] ✅ الدورة مكتملة.
2026-10-06 03:14:24,260 [WARNING] ⚠️ فشل استدعاء Gemini API: HTTP Error 404: Not Found
2026-10-06 03:14:24,654 [INFO] 💓 [BTC/USDT] نبضة حياة (uptime: 0.0h)
2026-10-06 03:14:24,790 [WARNING] ⚠️ فشل استدعاء Gemini API: HTTP Error 404: Not Found
2026-10-06 03:14:25,100 [INFO] 💓 [ETH/USDT] نبضة حياة (uptime: 0.0h)
2026-10-06 03:14:25,227 [WARNING] ⚠️ فشل استدعاء Gemini API: HTTP Error 404: Not Found
2026-10-06 03:14:25,524 [INFO] 💓 [SOL/USDT] نبضة حياة (uptime: 0.0h)
2026-10-06 03:14:25,653 [WARNING] ⚠️ فشل استدعاء Gemini API: HTTP Error 404: Not Found
2026-10-06 03:14:25,949 [INFO] 💓 [LINK/USDT] نبضة حياة (uptime: 0.0h)
2026-10-06 03:14:26,066 [WARNING] ⚠️ فشل استدعاء Gemini API: HTTP Error 404: Not Found
2026-10-06 03:14:26,372 [INFO] 💓 [BNB/USDT] نبضة حياة (uptime: 0.0h)
2026-10-06 03:14:26,373 [INFO] ✅ انتهت جميع الدورات.
2026-10-06 10:30:34,794 [INFO] ============================================================
2026-10-06 10:30:34,794 [INFO] 🤖 GitHub Actions — بدء الدورة لكل الأزواج
2026-10-06 10:30:34,794 [INFO] ============================================================
2026-10-06 10:30:34,794 [INFO] 🔍 فحص BTC/USDT...
2026-10-06 10:30:36,528 [INFO] 📊 [BTC/USDT] شمعة مغلقة [2026-10-06 04:00:00+00:00] | Close: $85,555.00 | Fast EMA: 85651.34 | Slow EMA: 85204.00 | RSI: 53.5 | ATR: 747.95 | Daily Trend Up: True
2026-10-06 10:30:36,893 [INFO] 👤 [Shadow QDS] BTC/USDT | Legacy: WAIT | QDS: WAIT | QDS WAIT: لا يوجد تقاطع EMA صاعد طازج (Regime: TRENDING_UP)
2026-10-06 10:30:36,893 [INFO] [BTC/USDT] ✅ الدورة مكتملة.
2026-10-06 10:30:36,893 [INFO] 🔍 فحص ETH/USDT...
2026-10-06 10:30:37,167 [INFO] 📊 [ETH/USDT] شمعة مغلقة [2026-10-06 04:00:00+00:00] | Close: $2,707.69 | Fast EMA: 2707.20 | Slow EMA: 2701.12 | RSI: 52.0 | ATR: 25.51 | Daily Trend Up: True
2026-10-06 10:30:37,677 [INFO] 👤 [Shadow QDS] ETH/USDT | Legacy: WAIT | QDS: WAIT | QDS WAIT: لا يوجد تقاطع EMA صاعد طازج (Regime: SIDEWAYS)
2026-10-06 10:30:37,677 [INFO] [ETH/USDT] ✅ الدورة مكتملة.
2026-10-06 10:30:37,677 [INFO] 🔍 فحص SOL/USDT...
2026-10-06 10:30:37,916 [INFO] 📊 [SOL/USDT] شمعة مغلقة [2026-10-06 04:00:00+00:00] | Close: $120.21 | Fast EMA: 120.41 | Slow EMA: 120.12 | RSI: 50.1 | ATR: 1.53 | Daily Trend Up: True
2026-10-06 10:30:38,316 [INFO] 👤 [Shadow QDS] SOL/USDT | Legacy: WAIT | QDS: WAIT | QDS WAIT: لا يوجد تقاطع EMA صاعد طازج (Regime: SIDEWAYS)
2026-10-06 10:30:38,316 [INFO] [SOL/USDT] ✅ الدورة مكتملة.
2026-10-06 10:30:38,316 [INFO] 🔍 فحص LINK/USDT...
2026-10-06 10:30:38,594 [INFO] 📊 [LINK/USDT] شمعة مغلقة [2026-10-06 04:00:00+00:00] | Close: $13.94 | Fast EMA: 13.95 | Slow EMA: 14.07 | RSI: 46.4 | ATR: 0.26 | Daily Trend Up: True
2026-10-06 10:30:39,014 [INFO] 👤 [Shadow QDS] LINK/USDT | Legacy: WAIT | QDS: WAIT | QDS WAIT: لا يوجد تقاطع EMA صاعد طازج (Regime: SIDEWAYS)
2026-10-06 10:30:39,014 [INFO] [LINK/USDT] ✅ الدورة مكتملة.
2026-10-06 10:30:39,014 [INFO] 🔍 فحص BNB/USDT...
2026-10-06 10:30:39,344 [INFO] 📊 [BNB/USDT] شمعة مغلقة [2026-10-06 04:00:00+00:00] | Close: $779.72 | Fast EMA: 785.05 | Slow EMA: 781.28 | RSI: 47.2 | ATR: 7.38 | Daily Trend Up: True
2026-10-06 10:30:39,715 [INFO] 👤 [Shadow QDS] BNB/USDT | Legacy: WAIT | QDS: WAIT | QDS WAIT: لا يوجد تقاطع EMA صاعد طازج (Regime: TRENDING_UP)
2026-10-06 10:30:39,715 [INFO] [BNB/USDT] ✅ الدورة مكتملة.
2026-10-06 10:30:39,864 [WARNING] ⚠️ فشل استدعاء Gemini API: HTTP Error 404: Not Found
2026-10-06 10:30:40,413 [INFO] 💓 [BTC/USDT] نبضة حياة (uptime: 0.0h)
2026-10-06 10:30:40,595 [WARNING] ⚠️ فشل استدعاء Gemini API: HTTP Error 404: Not Found
2026-10-06 10:30:41,047 [INFO] 💓 [ETH/USDT] نبضة حياة (uptime: 0.0h)
2026-10-06 10:30:41,160 [WARNING] ⚠️ فشل استدعاء Gemini API: HTTP Error 404: Not Found
2026-10-06 10:30:41,656 [INFO] 💓 [SOL/USDT] نبضة حياة (uptime: 0.0h)
2026-10-06 10:30:41,770 [WARNING] ⚠️ فشل استدعاء Gemini API: HTTP Error 404: Not Found
2026-10-06 10:30:42,212 [INFO] 💓 [LINK/USDT] نبضة حياة (uptime: 0.0h)
2026-10-06 10:30:42,310 [WARNING] ⚠️ فشل استدعاء Gemini API: HTTP Error 404: Not Found
2026-10-06 10:30:42,746 [INFO] 💓 [BNB/USDT] نبضة حياة (uptime: 0.0h)
2026-10-06 10:30:42,747 [INFO] ✅ انتهت جميع الدورات.
2026-10-06 16:56:29,150 [INFO] ============================================================
2026-10-06 16:56:29,150 [INFO] 🤖 GitHub Actions — بدء الدورة لكل الأزواج
2026-10-06 16:56:29,150 [INFO] ============================================================
2026-10-06 16:56:29,150 [INFO] 🔍 فحص BTC/USDT...
2026-10-06 16:56:30,839 [INFO] 📊 [BTC/USDT] شمعة مغلقة [2026-10-06 12:00:00+00:00] | Close: $85,720.65 | Fast EMA: 85768.84 | Slow EMA: 85299.98 | RSI: 53.9 | ATR: 769.73 | Daily Trend Up: True
2026-10-06 16:56:31,166 [INFO] 👤 [Shadow QDS] BTC/USDT | Legacy: WAIT | QDS: WAIT | QDS WAIT: لا يوجد تقاطع EMA صاعد طازج (Regime: TRENDING_UP)
2026-10-06 16:56:31,166 [INFO] [BTC/USDT] ✅ الدورة مكتملة.
2026-10-06 16:56:31,166 [INFO] 🔍 فحص ETH/USDT...
2026-10-06 16:56:31,378 [INFO] 📊 [ETH/USDT] شمعة مغلقة [2026-10-06 12:00:00+00:00] | Close: $2,702.04 | Fast EMA: 2707.25 | Slow EMA: 2701.96 | RSI: 49.8 | ATR: 25.32 | Daily Trend Up: True
2026-10-06 16:56:31,700 [INFO] 👤 [Shadow QDS] ETH/USDT | Legacy: WAIT | QDS: WAIT | QDS WAIT: لا يوجد تقاطع EMA صاعد طازج (Regime: SIDEWAYS)
2026-10-06 16:56:31,700 [INFO] [ETH/USDT] ✅ الدورة مكتملة.
2026-10-06 16:56:31,700 [INFO] 🔍 فحص SOL/USDT...
2026-10-06 16:56:31,912 [INFO] 📊 [SOL/USDT] شمعة مغلقة [2026-10-06 12:00:00+00:00] | Close: $120.51 | Fast EMA: 120.42 | Slow EMA: 120.16 | RSI: 51.7 | ATR: 1.58 | Daily Trend Up: True
2026-10-06 16:56:32,234 [INFO] 👤 [Shadow QDS] SOL/USDT | Legacy: WAIT | QDS: WAIT | QDS WAIT: لا يوجد تقاطع EMA صاعد طازج (Regime: SIDEWAYS)
2026-10-06 16:56:32,234 [INFO] [SOL/USDT] ✅ الدورة مكتملة.
2026-10-06 16:56:32,234 [INFO] 🔍 فحص LINK/USDT...
2026-10-06 16:56:32,446 [INFO] 📊 [LINK/USDT] شمعة مغلقة [2026-10-06 12:00:00+00:00] | Close: $13.95 | Fast EMA: 13.97 | Slow EMA: 14.06 | RSI: 46.7 | ATR: 0.25 | Daily Trend Up: True
2026-10-06 16:56:32,767 [INFO] 👤 [Shadow QDS] LINK/USDT | Legacy: WAIT | QDS: WAIT | QDS WAIT: لا يوجد تقاطع EMA صاعد طازج (Regime: SIDEWAYS)
2026-10-06 16:56:32,768 [INFO] [LINK/USDT] ✅ الدورة مكتملة.
2026-10-06 16:56:32,768 [INFO] 🔍 فحص BNB/USDT...
2026-10-06 16:56:32,980 [INFO] 📊 [BNB/USDT] شمعة مغلقة [2026-10-06 12:00:00+00:00] | Close: $782.84 | Fast EMA: 784.33 | Slow EMA: 781.52 | RSI: 51.0 | ATR: 7.02 | Daily Trend Up: True
2026-10-06 16:56:33,302 [INFO] 👤 [Shadow QDS] BNB/USDT | Legacy: WAIT | QDS: WAIT | QDS WAIT: لا يوجد تقاطع EMA صاعد طازج (Regime: TRENDING_UP)
2026-10-06 16:56:33,302 [INFO] [BNB/USDT] ✅ الدورة مكتملة.
2026-10-06 16:56:33,492 [WARNING] ⚠️ فشل استدعاء Gemini API: HTTP Error 404: Not Found
2026-10-06 16:56:34,072 [INFO] 💓 [BTC/USDT] نبضة حياة (uptime: 0.0h)
2026-10-06 16:56:34,213 [WARNING] ⚠️ فشل استدعاء Gemini API: HTTP Error 404: Not Found
2026-10-06 16:56:34,736 [INFO] 💓 [ETH/USDT] نبضة حياة (uptime: 0.0h)
2026-10-06 16:56:34,861 [WARNING] ⚠️ فشل استدعاء Gemini API: HTTP Error 404: Not Found
2026-10-06 16:56:35,365 [INFO] 💓 [SOL/USDT] نبضة حياة (uptime: 0.0h)
2026-10-06 16:56:35,484 [WARNING] ⚠️ فشل استدعاء Gemini API: HTTP Error 404: Not Found
2026-10-06 16:56:36,027 [INFO] 💓 [LINK/USDT] نبضة حياة (uptime: 0.0h)
2026-10-06 16:56:36,145 [WARNING] ⚠️ فشل استدعاء Gemini API: HTTP Error 404: Not Found
2026-10-06 16:56:36,689 [INFO] 💓 [BNB/USDT] نبضة حياة (uptime: 0.0h)
2026-10-06 16:56:36,689 [INFO] ✅ انتهت جميع الدورات.
2026-10-06 21:32:41,946 [INFO] ============================================================
2026-10-06 21:32:41,946 [INFO] 🤖 GitHub Actions — بدء الدورة لكل الأزواج
2026-10-06 21:32:41,946 [INFO] ============================================================
2026-10-06 21:32:41,946 [INFO] 🔍 فحص BTC/USDT...
2026-10-06 21:32:44,972 [INFO] 📊 [BTC/USDT] شمعة مغلقة [2026-10-06 16:00:00+00:00] | Close: $85,614.00 | Fast EMA: 85734.43 | Slow EMA: 85320.24 | RSI: 52.7 | ATR: 745.70 | Daily Trend Up: True
2026-10-06 21:32:45,515 [INFO] 👤 [Shadow QDS] BTC/USDT | Legacy: WAIT | QDS: WAIT | QDS WAIT: لا يوجد تقاطع EMA صاعد طازج (Regime: TRENDING_UP)
2026-10-06 21:32:45,515 [INFO] [BTC/USDT] ✅ الدورة مكتملة.
2026-10-06 21:32:45,515 [INFO] 🔍 فحص ETH/USDT...
2026-10-06 21:32:45,865 [INFO] 📊 [ETH/USDT] شمعة مغلقة [2026-10-06 16:00:00+00:00] | Close: $2,691.91 | Fast EMA: 2703.84 | Slow EMA: 2701.32 | RSI: 46.4 | ATR: 25.21 | Daily Trend Up: True
2026-10-06 21:32:46,401 [INFO] 👤 [Shadow QDS] ETH/USDT | Legacy: WAIT | QDS: WAIT | QDS WAIT: لا يوجد تقاطع EMA صاعد طازج (Regime: SIDEWAYS)
2026-10-06 21:32:46,402 [INFO] [ETH/USDT] ✅ الدورة مكتملة.
2026-10-06 21:32:46,402 [INFO] 🔍 فحص SOL/USDT...
2026-10-06 21:32:46,753 [INFO] 📊 [SOL/USDT] شمعة مغلقة [2026-10-06 16:00:00+00:00] | Close: $120.80 | Fast EMA: 120.50 | Slow EMA: 120.20 | RSI: 53.3 | ATR: 1.55 | Daily Trend Up: True
2026-10-06 21:32:47,288 [INFO] 👤 [Shadow QDS] SOL/USDT | Legacy: WAIT | QDS: WAIT | QDS WAIT: لا يوجد تقاطع EMA صاعد طازج (Regime: SIDEWAYS)
2026-10-06 21:32:47,288 [INFO] [SOL/USDT] ✅ الدورة مكتملة.
2026-10-06 21:32:47,288 [INFO] 🔍 فحص LINK/USDT...
2026-10-06 21:32:47,639 [INFO] 📊 [LINK/USDT] شمعة مغلقة [2026-10-06 16:00:00+00:00] | Close: $13.97 | Fast EMA: 13.97 | Slow EMA: 14.06 | RSI: 47.6 | ATR: 0.24 | Daily Trend Up: True
2026-10-06 21:32:48,174 [INFO] 👤 [Shadow QDS] LINK/USDT | Legacy: WAIT | QDS: WAIT | QDS WAIT: لا يوجد تقاطع EMA صاعد طازج (Regime: SIDEWAYS)
2026-10-06 21:32:48,175 [INFO] [LINK/USDT] ✅ الدورة مكتملة.
2026-10-06 21:32:48,175 [INFO] 🔍 فحص BNB/USDT...
2026-10-06 21:32:48,526 [INFO] 📊 [BNB/USDT] شمعة مغلقة [2026-10-06 16:00:00+00:00] | Close: $779.53 | Fast EMA: 783.26 | Slow EMA: 781.39 | RSI: 46.9 | ATR: 6.94 | Daily Trend Up: True
2026-10-06 21:32:49,069 [INFO] 👤 [Shadow QDS] BNB/USDT | Legacy: WAIT | QDS: WAIT | QDS WAIT: لا يوجد تقاطع EMA صاعد طازج (Regime: TRENDING_UP)
2026-10-06 21:32:49,070 [INFO] [BNB/USDT] ✅ الدورة مكتملة.
2026-10-06 21:32:49,070 [INFO] ✅ انتهت جميع الدورات.
2026-10-07 01:01:59,894 [INFO] ============================================================
2026-10-07 01:01:59,894 [INFO] 🤖 GitHub Actions — بدء الدورة لكل الأزواج
2026-10-07 01:01:59,894 [INFO] ============================================================
2026-10-07 01:01:59,894 [INFO] 🔍 فحص BTC/USDT...
2026-10-07 01:02:02,419 [INFO] 📊 [BTC/USDT] شمعة مغلقة [2026-10-06 20:00:00+00:00] | Close: $85,549.93 | Fast EMA: 85693.43 | Slow EMA: 85335.06 | RSI: 51.9 | ATR: 715.38 | Daily Trend Up: True
2026-10-07 01:02:02,928 [INFO] 👤 [Shadow QDS] BTC/USDT | Legacy: WAIT | QDS: WAIT | QDS WAIT: لا يوجد تقاطع EMA صاعد طازج (Regime: SIDEWAYS)
2026-10-07 01:02:02,928 [INFO] [BTC/USDT] ✅ الدورة مكتملة.
2026-10-07 01:02:02,928 [INFO] 🔍 فحص ETH/USDT...
2026-10-07 01:02:03,256 [INFO] 📊 [ETH/USDT] شمعة مغلقة [2026-10-06 20:00:00+00:00] | Close: $2,697.49 | Fast EMA: 2702.43 | Slow EMA: 2701.07 | RSI: 48.5 | ATR: 24.11 | Daily Trend Up: True
2026-10-07 01:02:03,757 [INFO] 👤 [Shadow QDS] ETH/USDT | Legacy: WAIT | QDS: WAIT | QDS WAIT: لا يوجد تقاطع EMA صاعد طازج (Regime: SIDEWAYS)
2026-10-07 01:02:03,757 [INFO] [ETH/USDT] ✅ الدورة مكتملة.
2026-10-07 01:02:03,757 [INFO] 🔍 فحص SOL/USDT...
2026-10-07 01:02:04,085 [INFO] 📊 [SOL/USDT] شمعة مغلقة [2026-10-06 20:00:00+00:00] | Close: $120.71 | Fast EMA: 120.55 | Slow EMA: 120.23 | RSI: 52.8 | ATR: 1.52 | Daily Trend Up: True
2026-10-07 01:02:04,586 [INFO] 👤 [Shadow QDS] SOL/USDT | Legacy: WAIT | QDS: WAIT | QDS WAIT: لا يوجد تقاطع EMA صاعد طازج (Regime: SIDEWAYS)
2026-10-07 01:02:04,586 [INFO] [SOL/USDT] ✅ الدورة مكتملة.
2026-10-07 01:02:04,586 [INFO] 🔍 فحص LINK/USDT...
2026-10-07 01:02:04,913 [INFO] 📊 [LINK/USDT] شمعة مغلقة [2026-10-06 20:00:00+00:00] | Close: $13.96 | Fast EMA: 13.97 | Slow EMA: 14.05 | RSI: 47.2 | ATR: 0.23 | Daily Trend Up: True
2026-10-07 01:02:05,415 [INFO] 👤 [Shadow QDS] LINK/USDT | Legacy: WAIT | QDS: WAIT | QDS WAIT: لا يوجد تقاطع EMA صاعد طازج (Regime: SIDEWAYS)
2026-10-07 01:02:05,416 [INFO] [LINK/USDT] ✅ الدورة مكتملة.
2026-10-07 01:02:05,416 [INFO] 🔍 فحص BNB/USDT...
2026-10-07 01:02:05,743 [INFO] 📊 [BNB/USDT] شمعة مغلقة [2026-10-06 20:00:00+00:00] | Close: $779.50 | Fast EMA: 782.43 | Slow EMA: 781.27 | RSI: 46.8 | ATR: 6.60 | Daily Trend Up: True
2026-10-07 01:02:06,250 [INFO] 👤 [Shadow QDS] BNB/USDT | Legacy: WAIT | QDS: WAIT | QDS WAIT: لا يوجد تقاطع EMA صاعد طازج (Regime: TRENDING_UP)
2026-10-07 01:02:06,251 [INFO] [BNB/USDT] ✅ الدورة مكتملة.
2026-10-07 01:02:06,399 [WARNING] ⚠️ فشل استدعاء Gemini API: HTTP Error 404: Not Found
2026-10-07 01:02:06,784 [INFO] 💓 [BTC/USDT] نبضة حياة (uptime: 0.0h)
2026-10-07 01:02:06,908 [WARNING] ⚠️ فشل استدعاء Gemini API: HTTP Error 404: Not Found
2026-10-07 01:02:07,219 [INFO] 💓 [ETH/USDT] نبضة حياة (uptime: 0.0h)
2026-10-07 01:02:07,347 [WARNING] ⚠️ فشل استدعاء Gemini API: HTTP Error 404: Not Found
2026-10-07 01:02:07,662 [INFO] 💓 [SOL/USDT] نبضة حياة (uptime: 0.0h)
2026-10-07 01:02:07,778 [WARNING] ⚠️ فشل استدعاء Gemini API: HTTP Error 404: Not Found
2026-10-07 01:02:08,090 [INFO] 💓 [LINK/USDT] نبضة حياة (uptime: 0.0h)
2026-10-07 01:02:08,214 [WARNING] ⚠️ فشل استدعاء Gemini API: HTTP Error 404: Not Found
2026-10-07 01:02:08,513 [INFO] 💓 [BNB/USDT] نبضة حياة (uptime: 0.0h)
2026-10-07 01:02:08,513 [INFO] ✅ انتهت جميع الدورات.
